,Name,Team,Season,POS,GP,REC,TGTS,YDS,AVG,TD,LNG,BIG,YDS/G,FUM,LST,YAC,FD
0,Tyreek Hill,MIA,2023,WR,16,119,171,1799,15.1,13,78,29,112.4,1,1,652,83
1,CeeDee Lamb,DAL,2023,WR,17,135,181,1749,13.0,12,92,29,102.9,3,2,680,80
2,Amon-Ra St. Brown,DET,2023,WR,16,119,164,1515,12.7,10,70,24,94.7,1,1,668,75
3,Puka Nacua,LAR,2023,WR,17,105,160,1486,14.2,6,80,25,87.4,1,0,640,68
4,A.J. Brown,PHI,2023,WR,17,106,158,1456,13.7,7,59,21,85.6,2,2,473,70
5,DJ Moore,CHI,2023,WR,17,96,136,1364,14.2,8,58,25,80.2,1,1,539,64
6,Brandon Aiyuk,SF,2023,WR,16,75,105,1342,17.9,7,76,28,83.9,1,1,382,61
7,Nico Collins,HOU,2023,WR,15,80,109,1297,16.2,8,75,25,86.5,1,0,549,53
8,Mike Evans,TB,2023,WR,17,79,136,1255,15.9,13,75,20,73.8,0,0,322,54
9,Amari Cooper,CLE,2023,WR,15,72,128,1250,17.4,5,75,21,83.3,2,1,271,50
10,Keenan Allen,LAC,2023,WR,13,108,150,1243,11.5,7,42,19,95.6,2,1,396,56
11,Ja'Marr Chase,CIN,2023,WR,16,100,145,1216,12.2,7,76,14,76.0,1,0,541,63
12,Stefon Diggs,BUF,2023,WR,17,107,160,1183,11.1,8,55,10,69.6,2,1,399,58
13,Michael Pittman Jr.,IND,2023,WR,16,109,156,1152,10.6,4,75,10,72.0,1,0,513,53
14,Davante Adams,LV,2023,WR,17,103,175,1144,11.1,8,46,13,67.3,0,0,336,59
15,George Pickens,PIT,2023,WR,17,63,106,1140,18.1,5,86,22,67.1,3,0,388,42
16,Chris Olave,NO,2023,WR,16,87,138,1123,12.9,5,51,16,70.2,0,0,347,57
17,DK Metcalf,SEA,2023,WR,16,66,119,1114,16.9,8,73,19,69.6,0,0,367,52
18,Justin Jefferson,MIN,2023,WR,10,68,100,1074,15.8,5,52,25,107.4,1,1,260,51
19,DeVonta Smith,PHI,2023,WR,16,81,112,1066,13.2,7,63,14,66.6,1,1,294,47
20,DeAndre Hopkins,TEN,2023,WR,17,75,137,1057,14.1,7,61,15,62.2,0,0,223,48
21,Garrett Wilson,NYJ,2023,WR,17,95,168,1042,11.0,3,68,11,61.3,2,2,327,47
22,Chris Godwin,TB,2023,WR,17,83,130,1024,12.3,2,47,14,60.2,0,0,385,53
23,George Kittle,SF,2023,TE,16,65,90,1020,15.7,6,66,18,63.8,0,0,483,42
24,Calvin Ridley,JAX,2023,WR,17,76,136,1016,13.4,8,59,17,59.8,1,0,194,49
25,Adam Thielen,CAR,2023,WR,17,103,137,1014,9.8,4,32,9,59.6,2,0,345,56
26,Jaylen Waddle,MIA,2023,WR,14,72,104,1014,14.1,4,60,12,72.4,0,0,421,47
27,Terry McLaurin,WSH,2023,WR,17,79,132,1002,12.7,4,48,15,58.9,0,0,350,47
28,Travis Kelce,KC,2023,TE,15,93,121,984,10.6,5,53,12,65.6,1,1,469,50
29,Evan Engram,JAX,2023,TE,17,114,143,963,8.4,4,34,9,56.6,3,2,516,47
30,T.J. Hockenson,MIN,2023,TE,15,95,127,960,10.1,5,29,13,64.0,1,1,336,48
31,Rashee Rice,KC,2023,WR,16,79,102,938,11.9,7,67,10,58.6,2,1,654,44
32,Jordan Addison,MIN,2023,WR,17,70,108,911,13.0,10,62,15,53.6,0,0,262,38
33,Drake London,ATL,2023,WR,16,69,110,905,13.1,2,45,17,56.6,0,0,188,45
34,Tyler Lockett,SEA,2023,WR,17,79,122,894,11.3,5,37,9,52.6,0,0,209,47
35,Deebo Samuel Sr.,SF,2023,WR,15,60,89,892,14.9,7,54,15,59.5,1,0,527,34
36,Sam LaPorta,DET,2023,TE,17,86,120,889,10.3,10,48,8,52.3,0,0,358,48
37,David Njoku,CLE,2023,TE,16,81,123,882,10.9,6,43,12,55.1,2,2,599,35
38,Zay Flowers,BAL,2023,WR,16,77,108,858,11.1,5,75,12,53.6,0,0,391,41
39,Trey McBride,ARI,2023,TE,17,81,106,825,10.2,3,38,9,48.5,1,0,439,42
40,Jakobi Meyers,LV,2023,WR,16,71,106,807,11.4,8,33,8,50.4,0,0,242,46
41,Jayden Reed,GB,2023,WR,16,64,94,793,12.4,8,59,13,49.6,0,0,335,32
42,Christian Kirk,JAX,2023,WR,12,57,85,787,13.8,3,57,13,65.6,2,2,247,34
43,Courtland Sutton,DEN,2023,WR,16,59,90,772,13.1,10,46,14,48.3,3,3,156,37
44,Josh Downs,IND,2023,WR,17,68,98,771,11.3,2,59,10,45.4,0,0,371,30
45,Darius Slayton,NYG,2023,WR,17,50,79,770,15.4,4,80,11,45.3,0,0,298,29
46,Jake Ferguson,DAL,2023,TE,17,71,102,761,10.7,5,40,8,44.8,0,0,425,40
47,Jerry Jeudy,DEN,2023,WR,16,54,87,758,14.0,2,47,10,47.4,1,0,323,28
48,Gabe Davis,BUF,2023,WR,17,45,81,746,16.6,7,57,12,43.9,1,1,180,34
49,Cooper Kupp,LAR,2023,WR,12,59,95,737,12.5,5,62,10,61.4,0,0,322,33
50,Rashid Shaheed,NO,2023,WR,15,46,75,719,15.6,5,58,12,47.9,0,0,151,27
51,Cole Kmet,CHI,2023,TE,17,73,90,719,9.8,6,53,9,42.3,1,0,290,36
52,Diontae Johnson,PIT,2023,WR,14,51,87,717,14.1,5,71,10,51.2,1,0,261,37
53,Tank Dell,HOU,2023,WR,11,47,75,709,15.1,7,68,10,64.5,0,0,152,34
54,Romeo Doubs,GB,2023,WR,17,59,96,674,11.4,8,36,7,39.6,1,0,134,41
55,Dalton Kincaid,BUF,2023,TE,16,73,91,673,9.2,2,51,5,42.1,1,1,311,29
56,Tyler Boyd,CIN,2023,WR,17,67,98,667,10.0,2,64,6,39.2,0,0,279,28
57,Kyle Pitts,ATL,2023,TE,17,53,90,667,12.6,3,39,7,39.2,0,0,134,35
58,Brandin Cooks,DAL,2023,WR,16,54,81,657,12.2,8,37,11,41.1,1,0,125,38
59,Tee Higgins,CIN,2023,WR,12,42,76,656,15.6,5,80,8,54.7,0,0,235,33
60,Elijah Moore,CLE,2023,WR,17,59,104,640,10.8,2,42,9,37.6,1,1,191,28
61,Dalton Schultz,HOU,2023,TE,15,59,88,635,10.8,5,31,7,42.3,1,1,259,35
62,Jaxon Smith-Njigba,SEA,2023,WR,17,63,93,628,10.0,4,35,7,36.9,0,0,366,29
63,Tyler Conklin,NYJ,2023,TE,17,61,87,621,10.2,0,37,7,36.5,0,0,246,27
64,Curtis Samuel,WSH,2023,WR,16,62,91,613,9.9,4,37,7,38.3,0,0,260,26
65,Khalil Shakir,BUF,2023,WR,17,39,45,611,15.7,2,81,10,35.9,0,0,282,26
66,Josh Reynolds,DET,2023,WR,17,40,64,608,15.2,5,33,17,35.8,1,1,173,32
67,Dallas Goedert,PHI,2023,TE,14,59,83,592,10.0,3,49,6,42.3,0,0,319,33
68,Breece Hall,NYJ,2023,RB,17,76,95,591,7.8,4,50,7,34.8,0,0,649,28
69,Jonnu Smith,ATL,2023,TE,17,50,70,582,11.6,3,60,4,34.2,1,1,357,26
70,Joshua Palmer,LAC,2023,WR,11,38,61,581,15.3,2,79,9,52.8,1,1,196,22
71,Dontayvion Wicks,GB,2023,WR,15,39,58,581,14.9,4,35,11,38.7,3,1,211,29
72,Marquise Brown,ARI,2023,WR,14,51,101,574,11.3,4,41,8,41.0,0,0,164,32
73,Noah Brown,HOU,2023,WR,10,33,55,567,17.2,2,75,14,56.7,0,0,223,24
74,Odell Beckham Jr.,BAL,2023,WR,14,35,64,565,16.1,3,51,10,40.4,1,1,155,27
75,Michael Wilson,ARI,2023,WR,13,38,58,565,14.9,3,69,7,43.5,0,0,139,29
76,Christian McCaffrey,SF,2023,RB,16,67,83,564,8.4,7,41,4,35.3,1,0,461,31
77,DeMario Douglas,NE,2023,WR,14,49,79,561,11.4,0,42,6,40.1,1,1,336,26
78,Darren Waller,NYG,2023,TE,12,52,74,552,10.6,1,29,8,46.0,0,0,211,25
79,Rachaad White,TB,2023,RB,17,64,70,549,8.6,3,43,10,32.3,1,1,611,23
80,Mark Andrews,BAL,2023,TE,10,45,61,544,12.1,6,38,8,54.4,1,0,216,27
81,K.J. Osborn,MIN,2023,WR,16,48,75,540,11.3,3,47,7,33.8,1,0,185,28
82,Chigoziem Okonkwo,TEN,2023,TE,17,54,77,528,9.8,1,39,6,31.1,0,0,260,25
83,DJ Chark Jr.,CAR,2023,WR,15,35,66,525,15.0,5,47,9,35.0,2,1,84,22
84,Wan'Dale Robinson,NYG,2023,WR,15,60,78,525,8.8,1,33,7,35.0,0,0,287,29
85,Jahan Dotson,WSH,2023,WR,17,49,83,518,10.6,4,33,5,30.5,0,0,115,27
86,Alec Pierce,IND,2023,WR,17,32,65,514,16.1,2,58,8,30.2,0,0,97,24
87,Logan Thomas,WSH,2023,TE,16,55,78,496,9.0,4,29,3,31.0,2,2,229,21
88,Tyler Higbee,LAR,2023,TE,15,47,70,495,10.5,2,33,6,33.0,0,0,246,26
89,Kalif Raymond,DET,2023,WR,17,35,44,489,14.0,1,41,9,28.8,0,0,214,20
90,Bijan Robinson,ATL,2023,RB,17,58,86,487,8.4,4,71,5,28.6,0,0,519,24
91,Tutu Atwell,LAR,2023,WR,16,39,67,483,12.4,3,44,8,30.2,0,0,104,26
92,Travis Etienne Jr.,JAX,2023,RB,17,58,73,476,8.2,1,56,2,28.0,0,0,517,23
93,Alvin Kamara,NO,2023,RB,13,75,86,466,6.2,1,25,3,35.8,0,0,501,23
94,Justin Watson,KC,2023,WR,16,27,53,460,17.0,3,41,8,28.8,1,1,47,21
95,Samaje Perine,DEN,2023,RB,17,50,56,455,9.1,0,29,3,26.8,2,1,462,23
96,Cade Otton,TB,2023,TE,17,47,67,455,9.7,4,27,6,26.8,1,1,223,22
97,Michael Thomas,NO,2023,WR,10,39,64,448,11.5,1,31,4,44.8,0,0,100,21
98,James Cook,BUF,2023,RB,17,44,54,445,10.1,4,48,7,26.2,1,1,398,16
99,Austin Ekeler,LAC,2023,RB,14,51,74,436,8.5,1,39,5,31.1,2,2,528,21
100,Quentin Johnston,LAC,2023,WR,17,38,67,431,11.3,2,57,5,25.4,0,0,152,20
101,Robert Woods,HOU,2023,WR,14,40,75,426,10.6,1,26,2,30.4,0,0,126,26
102,Chris Moore,TEN,2023,WR,17,22,35,424,19.3,0,49,9,24.9,1,0,57,16
103,Christian Watson,GB,2023,WR,9,28,53,422,15.1,5,77,5,46.9,0,0,105,20
104,Hunter Henry,NE,2023,TE,14,42,61,419,10.0,6,24,2,29.9,1,0,78,29
105,Michael Gallup,DAL,2023,WR,17,34,57,418,12.3,2,41,6,24.6,0,0,104,19
106,Jonathan Mingo,CAR,2023,WR,15,43,85,418,9.7,0,40,6,27.9,1,0,155,15
107,Noah Fant,SEA,2023,TE,17,32,43,414,12.9,0,51,7,24.4,0,0,177,16
108,Darnell Mooney,CHI,2023,WR,15,31,61,414,13.4,1,41,7,27.6,0,0,181,20
109,Gerald Everett,LAC,2023,TE,15,51,70,411,8.1,3,31,4,27.4,3,0,275,25
110,Isaiah Likely,BAL,2023,TE,17,30,40,411,13.7,5,54,6,24.2,0,0,216,15
111,Kendrick Bourne,NE,2023,WR,8,37,55,406,11.0,4,36,5,50.8,1,1,203,15
112,DeVante Parker,NE,2023,WR,13,33,55,394,11.9,0,30,6,30.3,0,0,126,17
113,Antonio Gibson,WSH,2023,RB,16,48,59,389,8.1,2,41,3,24.3,2,1,377,19
114,Trey Palmer,TB,2023,WR,17,39,68,385,9.9,3,54,6,22.6,3,1,103,17
115,Tyjae Spears,TEN,2023,RB,17,52,70,385,7.4,1,48,4,22.6,1,0,460,17
116,Nelson Agholor,BAL,2023,WR,17,35,45,381,10.9,4,37,4,22.4,1,0,141,19
117,Marvin Mims Jr.,DEN,2023,WR,16,22,33,377,17.1,1,60,6,23.6,0,0,154,9
118,Joe Mixon,CIN,2023,RB,17,52,64,376,7.2,3,45,4,22.1,0,0,463,14
119,Jalin Hyatt,NYG,2023,WR,17,23,40,373,16.2,0,58,7,21.9,1,0,48,11
120,Demarcus Robinson,LAR,2023,WR,16,26,39,371,14.3,4,37,7,23.2,2,1,89,20
121,Nick Westbrook-Ikhine,TEN,2023,WR,14,28,45,370,13.2,3,33,8,26.4,0,0,107,18
122,Jaylen Warren,PIT,2023,RB,17,61,74,370,6.1,0,30,2,21.8,1,1,486,19
123,Juwan Johnson,NO,2023,TE,13,37,59,368,9.9,4,32,7,28.3,0,0,145,23
124,Kylen Granson,IND,2023,TE,15,30,50,368,12.3,1,46,5,24.5,0,0,128,19
125,Brian Robinson Jr.,WSH,2023,RB,15,36,43,368,10.2,4,51,8,24.5,1,0,409,15
126,Rashod Bateman,BAL,2023,WR,16,32,56,367,11.5,1,29,2,22.9,0,0,59,20
127,Durham Smythe,MIA,2023,TE,16,35,43,366,10.5,0,22,3,22.9,0,0,139,22
128,Tucker Kraft,GB,2023,TE,17,31,40,355,11.5,2,43,5,20.9,0,0,232,18
129,Jameson Williams,DET,2023,WR,12,24,42,354,14.8,2,63,5,29.5,1,0,105,14
130,Tanner Hudson,CIN,2023,TE,12,39,50,352,9.0,1,26,3,29.3,0,0,148,21
131,Rondale Moore,ARI,2023,WR,17,40,62,352,8.8,1,48,4,20.7,1,0,216,17
132,Luke Musgrave,GB,2023,TE,11,34,46,352,10.4,1,37,5,32.0,0,0,169,14
133,Tre Tucker,LV,2023,WR,16,19,34,331,17.4,2,50,6,20.7,0,0,28,12
134,Brandon Powell,MIN,2023,WR,17,29,44,324,11.2,1,28,6,19.1,0,0,104,18
135,Zay Jones,JAX,2023,WR,9,34,64,321,9.4,2,36,3,35.7,0,0,51,14
136,Jerome Ford,CLE,2023,RB,17,44,63,319,7.3,5,50,2,18.8,0,0,304,16
137,Trenton Irwin,CIN,2023,WR,16,25,32,316,12.6,1,32,7,19.8,1,0,110,15
138,Jahmyr Gibbs,DET,2023,RB,15,52,71,316,6.1,1,24,2,21.1,0,0,314,20
139,Marquez Valdes-Scantling,KC,2023,WR,16,21,42,315,15.0,1,46,5,19.7,1,1,92,14
140,Ezekiel Elliott,NE,2023,RB,17,51,65,313,6.1,2,23,1,18.4,1,1,374,12
141,Allen Lazard,NYJ,2023,WR,14,23,49,311,13.5,1,39,5,22.2,0,0,56,17
142,Tony Pollard,DAL,2023,RB,17,55,67,311,5.7,0,60,2,18.3,2,0,321,12
143,Pat Freiermuth,PIT,2023,TE,12,32,47,308,9.6,2,29,3,25.7,0,0,145,17
144,Noah Gray,KC,2023,TE,17,28,41,305,10.9,2,34,4,17.9,0,0,140,16
145,Michael Mayer,LV,2023,TE,14,27,40,304,11.3,2,32,2,21.7,0,0,164,19
146,Cedrick Wilson Jr.,MIA,2023,WR,15,22,38,296,13.5,3,31,5,19.7,0,0,57,14
147,Josh Jacobs,LV,2023,RB,13,37,54,296,8.0,0,21,1,22.8,1,0,293,15
148,Taysom Hill,NO,2023,QB,16,33,40,291,8.8,2,36,2,18.2,0,0,133,11
149,Donald Parham Jr.,LAC,2023,TE,14,27,41,285,10.6,4,24,2,20.4,0,0,125,22
150,Brandon Johnson,DEN,2023,WR,13,19,30,284,14.9,4,50,6,21.8,0,0,89,12
151,Allen Robinson II,PIT,2023,WR,17,34,49,280,8.2,0,31,2,16.5,0,0,68,9
152,Saquon Barkley,NYG,2023,RB,14,41,60,280,6.8,4,46,4,20.0,0,0,226,16
153,Greg Dortch,ARI,2023,WR,16,24,41,280,11.7,2,38,3,17.5,0,0,152,14
154,Jalen Tolbert,DAL,2023,WR,17,22,36,268,12.2,2,45,3,15.8,0,0,34,13
155,Jauan Jennings,SF,2023,WR,13,19,33,265,13.9,1,31,4,20.4,0,0,89,12
156,JuJu Smith-Schuster,NE,2023,WR,11,29,47,260,9.0,1,37,3,23.6,0,0,94,13
157,Kenneth Walker III,SEA,2023,RB,15,29,37,259,8.9,1,64,3,17.3,0,0,317,9
158,Hunter Renfrow,LV,2023,WR,17,25,37,255,10.2,0,38,3,15.0,1,1,152,11
159,Daniel Bellinger,NYG,2023,TE,17,25,28,255,10.2,0,26,4,15.0,0,0,134,6
160,Mack Hollins,ATL,2023,WR,13,18,30,251,13.9,0,45,3,19.3,0,0,55,9
161,Mike Williams,LAC,2023,WR,3,19,26,249,13.1,1,49,4,83.0,0,0,108,9
162,Colby Parkinson,SEA,2023,TE,17,25,34,247,9.9,2,27,5,14.5,0,0,79,11
163,A.T. Perry,NO,2023,WR,10,12,18,246,20.5,4,44,5,24.6,0,0,20,10
164,Mike Gesicki,NE,2023,TE,17,29,45,244,8.4,2,18,0,14.4,0,0,92,11
165,Isiah Pacheco,KC,2023,RB,14,44,49,244,5.5,2,33,2,17.4,0,0,359,12
166,Skyy Moore,KC,2023,WR,14,21,38,244,11.6,1,54,3,17.4,0,0,109,13
167,Braxton Berrios,MIA,2023,WR,16,27,33,238,8.8,1,22,1,14.9,0,0,85,15
168,Rhamondre Stevenson,NE,2023,RB,12,38,51,238,6.3,0,34,2,19.8,0,0,261,8
169,Austin Hooper,LV,2023,TE,17,25,31,234,9.4,0,21,2,13.8,0,0,142,12
170,Aaron Jones,GB,2023,RB,11,30,43,233,7.8,1,51,2,21.2,1,0,271,13
171,Chuba Hubbard,CAR,2023,RB,17,39,44,233,6.0,0,25,1,13.7,1,0,269,9
172,Alex Erickson,LAC,2023,WR,8,16,29,232,14.5,1,27,4,29.0,0,0,63,12
173,KhaDarel Hodge,ATL,2023,WR,17,14,23,232,16.6,0,52,3,13.6,0,0,82,13
174,Isaiah Hodgins,NYG,2023,WR,17,21,33,230,11.0,3,24,1,13.5,1,1,75,12
175,Xavier Gipson,NYJ,2023,WR,17,21,38,229,10.9,0,36,4,13.5,0,0,109,9
176,Javonte Williams,DEN,2023,RB,16,47,58,228,4.9,2,18,0,14.3,1,1,301,10
177,Jamal Agnew,JAX,2023,WR,11,14,21,225,16.1,1,65,2,20.5,1,1,76,8
178,Cedric Tillman,CLE,2023,WR,14,21,44,224,10.7,0,23,1,16.0,0,0,88,12
179,AJ Dillon,GB,2023,RB,15,22,28,223,10.1,0,35,4,14.9,0,0,231,10
180,Treylon Burks,TEN,2023,WR,11,16,30,221,13.8,0,70,4,20.1,0,0,71,8
181,Brevin Jordan,HOU,2023,TE,14,17,21,219,12.9,2,27,3,15.6,0,0,124,13
182,Bo Melton,GB,2023,WR,5,16,24,218,13.6,1,37,3,43.6,0,0,37,13
183,Derrick Henry,TEN,2023,RB,17,28,36,214,7.6,0,46,2,12.6,0,0,266,7
184,D'Andre Swift,PHI,2023,RB,16,39,49,214,5.5,1,20,2,13.4,1,1,267,8
185,Josh Oliver,MIN,2023,TE,17,22,28,213,9.7,2,33,3,12.5,1,1,162,12
186,Van JeffersonATL/,LAR,2023,WR,17,20,43,209,10.4,0,46,1,12.3,0,0,25,10
187,Zach Charbonnet,SEA,2023,RB,16,33,40,209,6.3,0,39,1,13.1,0,0,248,7
188,Roschon Johnson,CHI,2023,RB,15,34,40,209,6.1,0,24,2,13.9,0,0,247,6
189,Pharaoh Brown,NE,2023,TE,17,13,15,208,16.0,1,58,5,12.2,1,1,121,8
190,Will Mallory,IND,2023,TE,12,18,26,207,11.5,0,43,1,17.3,1,0,89,11
191,Justice Hill,BAL,2023,RB,16,28,39,206,7.4,1,24,4,12.9,1,1,237,8
192,Kyren Williams,LAR,2023,RB,12,32,48,206,6.4,3,24,2,17.2,1,1,277,9
193,Adam Trautman,DEN,2023,TE,17,22,35,204,9.3,3,24,2,12.0,0,0,98,10
194,De'Von Achane,MIA,2023,RB,11,27,37,197,7.3,3,23,2,17.9,0,0,262,10
195,Jake Bobo,SEA,2023,WR,17,19,25,196,10.3,2,31,3,11.5,0,0,87,9
196,Tommy Tremble,CAR,2023,TE,16,23,32,194,8.4,3,30,2,12.1,0,0,95,10
197,Foster Moreau,NO,2023,TE,15,21,25,193,9.2,1,23,1,12.9,0,0,96,9
198,Devin Singletary,HOU,2023,RB,17,30,38,193,6.4,0,41,2,11.4,0,0,217,7
199,Tyler Allgeier,ATL,2023,RB,17,18,23,193,10.7,1,75,2,11.4,0,0,217,6
200,Jerick McKinnon,KC,2023,RB,12,25,32,192,7.7,4,27,1,16.0,0,0,219,10
201,Zack Moss,IND,2023,RB,14,27,37,192,7.1,2,26,1,13.7,0,0,189,10
202,Alexander Mattison,MIN,2023,RB,16,30,44,192,6.4,3,47,1,12.0,1,0,181,5
203,Clyde Edwards-Helaire,KC,2023,RB,15,17,22,188,11.1,1,48,3,12.5,0,0,228,7
204,Zach Ertz,ARI,2023,TE,7,27,43,187,6.9,1,17,0,26.7,0,0,46,8
205,Dawson Knox,BUF,2023,TE,13,22,36,186,8.5,2,17,0,14.3,0,0,96,13
206,Hayden Hurst,CAR,2023,TE,9,18,32,184,10.2,1,48,1,20.4,0,0,67,7
207,Kenneth Gainwell,PHI,2023,RB,16,30,37,183,6.1,0,19,0,11.4,0,0,175,11
208,Kyle Philips,TEN,2023,WR,9,15,22,181,12.1,0,29,4,20.1,0,0,79,9
209,Gus Edwards,BAL,2023,RB,17,12,13,180,15.0,0,80,2,10.6,1,0,145,5
210,Calvin Austin III,PIT,2023,WR,17,17,30,180,10.6,1,72,1,10.6,0,0,73,7
211,Raheem Mostert,MIA,2023,RB,15,25,32,175,7.0,3,22,1,11.7,2,0,213,6
212,Johnny Mundt,MIN,2023,TE,17,17,23,172,10.1,1,32,2,10.1,0,0,94,8
213,Will Dissly,SEA,2023,TE,16,17,22,172,10.1,1,21,2,10.8,0,0,120,8
214,Najee Harris,PIT,2023,RB,17,29,38,170,5.9,0,32,1,10.0,0,0,175,9
215,Kadarius Toney,KC,2023,WR,13,27,38,169,6.3,1,18,0,13.0,1,0,128,12
216,Dyami Brown,WSH,2023,WR,17,12,23,168,14.0,1,35,2,9.9,0,0,76,8
217,Tyler Scott,CHI,2023,WR,17,17,32,168,9.9,0,30,1,9.9,1,1,70,10
218,Connor Heyward,PIT,2023,TE,17,23,34,167,7.3,0,13,0,9.8,0,0,94,8
219,David Bell,CLE,2023,WR,15,14,23,167,11.9,3,41,3,11.1,0,0,73,9
220,James Conner,ARI,2023,RB,13,27,33,165,6.1,2,34,2,12.7,0,0,211,11
221,Olamide Zaccheaus,PHI,2023,WR,17,10,20,164,16.4,2,34,4,9.6,0,0,52,7
222,Drew Sample,CIN,2023,TE,17,22,27,163,7.4,2,22,1,9.6,0,0,173,9
223,Elijah Higgins,ARI,2023,TE,11,14,19,163,11.6,1,26,3,14.8,0,0,67,9
224,Lil'Jordan Humphrey,DEN,2023,WR,17,13,19,162,12.5,3,54,1,9.5,0,0,99,9
225,Mo Alie-Cox,IND,2023,TE,17,13,22,161,12.4,3,35,2,9.5,0,0,80,9
226,Scotty Miller,ATL,2023,WR,17,11,16,161,14.6,2,56,2,9.5,0,0,80,6
227,Byron Pringle,WSH,2023,WR,17,14,22,161,11.5,0,26,1,9.5,0,0,31,7
228,Jaleel McLaughlin,DEN,2023,RB,17,31,36,160,5.2,2,22,1,9.4,0,0,290,5
229,Jamison Crowder,WSH,2023,WR,17,16,20,159,9.9,1,26,1,9.4,0,0,80,8
230,Ty Chandler,MIN,2023,RB,17,21,25,159,7.6,0,19,0,9.4,0,0,201,7
231,John Metchie III,HOU,2023,WR,16,16,30,158,9.9,0,22,1,9.9,0,0,84,7
232,Chase Brown,CIN,2023,RB,12,14,15,156,11.1,1,54,2,13.0,0,0,194,4
233,Luke Farrell,JAX,2023,TE,17,13,15,155,11.9,0,42,2,9.1,0,0,96,5
234,Stone Smartt,LAC,2023,TE,16,11,21,155,14.1,1,51,3,9.7,0,0,56,6
235,Donovan Peoples-JonesCLE/,DET,2023,WR,15,13,25,155,11.9,0,29,2,10.3,0,0,35,7
236,Miles Sanders,CAR,2023,RB,16,27,41,154,5.7,0,14,0,9.6,0,0,158,8
237,Jonathan Taylor,IND,2023,RB,10,19,23,153,8.1,1,40,2,15.3,0,0,174,5
238,John Bates,WSH,2023,TE,17,19,28,151,7.9,0,35,1,8.9,0,0,65,6
239,Jeremy Ruckert,NYJ,2023,TE,15,16,22,151,9.4,0,23,1,10.1,0,0,51,6
240,Deonte Harty,BUF,2023,WR,16,15,21,150,10.0,1,43,2,9.4,0,0,79,9
241,Drew Ogletree,IND,2023,TE,12,9,21,147,16.3,2,33,4,12.3,0,0,30,8
242,Rico Dowdle,DAL,2023,RB,16,17,22,144,8.5,2,32,1,9.0,0,0,170,6
243,Quez Watkins,PHI,2023,WR,9,15,21,142,9.5,1,19,0,15.8,0,0,46,8
244,D'Ernest Johnson,JAX,2023,RB,17,10,12,140,14.0,0,42,2,8.2,0,0,136,6
245,Terrace Marshall Jr.,CAR,2023,WR,9,19,33,139,7.3,0,14,0,15.4,1,0,48,8
246,Jalen Reagor,NE,2023,WR,11,7,23,138,19.7,0,39,3,12.5,0,0,18,5
247,Ray-Ray McCloud II,ISF,2023,WR,12,12,15,135,11.3,0,41,2,11.3,0,0,87,7
248,Khalil Herbert,CHI,2023,RB,12,20,31,134,6.7,1,23,1,11.2,1,1,138,9
249,Jordan Akins,CLE,2023,TE,17,15,23,132,8.8,0,28,1,7.8,0,0,58,6
0,Justin Jefferson,MIN,2022,WR,17,128,184,1809,14.1,8,64,28,106.4,0,0,613,80
1,Tyreek Hill,MIA,2022,WR,17,119,170,1710,14.4,7,64,25,100.6,1,0,482,77
2,Davante Adams,LV,2022,WR,17,100,180,1516,15.2,14,60,24,89.2,1,0,493,65
3,A.J. Brown,PHI,2022,WR,17,88,145,1496,17.0,11,78,23,88.0,2,2,548,59
4,Stefon Diggs,BUF,2022,WR,16,108,154,1429,13.2,11,53,17,89.3,1,0,419,72
5,CeeDee Lamb,DAL,2022,WR,17,107,156,1359,12.7,9,39,24,79.9,0,0,486,67
6,Jaylen Waddle,MIA,2022,WR,17,75,117,1356,18.1,8,84,21,79.8,1,1,510,60
7,Travis Kelce,KC,2022,TE,17,110,152,1338,12.2,12,52,19,78.7,1,1,648,78
8,DeVonta Smith,PHI,2022,WR,17,95,136,1196,12.6,7,45,18,70.4,1,1,476,57
9,Terry McLaurin,WSH,2022,WR,17,77,120,1191,15.5,5,52,16,70.1,0,0,394,56
10,Amon-Ra St. Brown,DET,2022,WR,16,106,146,1161,11.0,6,49,11,72.6,0,0,526,68
11,Amari Cooper,CLE,2022,WR,17,78,132,1160,14.9,9,55,18,68.2,0,0,325,61
12,Mike Evans,TB,2022,WR,15,77,127,1124,14.6,6,63,19,74.9,0,0,216,53
13,Christian Kirk,JAX,2022,WR,17,84,133,1108,13.2,8,49,18,65.2,1,1,377,54
14,Garrett Wilson,NYJ,2022,WR,17,83,147,1103,13.3,4,60,13,64.9,1,1,384,56
15,DK Metcalf,SEA,2022,WR,17,90,141,1048,11.6,6,54,11,61.6,2,2,217,47
16,Ja'Marr Chase,CIN,2022,WR,12,87,134,1046,12.0,9,60,13,87.2,2,2,436,58
17,Chris Olave,NO,2022,WR,15,72,119,1042,14.5,4,53,13,69.5,2,2,210,48
18,Tyler Lockett,SEA,2022,WR,16,84,117,1033,12.3,9,40,14,64.6,1,1,274,50
19,Tee Higgins,CIN,2022,WR,16,74,109,1029,13.9,7,59,14,64.3,0,0,286,46
20,Chris Godwin,TB,2022,WR,15,104,142,1023,9.8,3,44,10,68.2,2,2,531,53
21,Brandon Aiyuk,SF,2022,WR,17,78,114,1015,13.0,8,54,17,59.7,1,1,388,47
22,Jerry Jeudy,DEN,2022,WR,15,67,100,972,14.5,6,67,14,64.8,0,0,392,41
23,JuJu Smith-Schuster,KC,2022,WR,16,78,101,933,12.0,3,53,9,58.3,3,2,465,47
24,Michael Pittman Jr.,IND,2022,WR,16,99,141,925,9.3,4,28,8,57.8,2,1,357,51
25,T.J. HockensonMIN/,DET,2022,TE,17,86,129,914,10.6,6,81,5,53.8,1,1,413,44
26,Mike Williams,LAC,2022,WR,13,63,93,895,14.2,4,55,11,68.8,0,0,319,39
27,DJ Moore,CAR,2022,WR,17,63,118,888,14.1,7,62,17,52.2,0,0,178,44
28,Diontae Johnson,PIT,2022,WR,17,86,147,882,10.3,0,37,7,51.9,1,0,235,45
29,Drake London,ATL,2022,WR,17,72,117,866,12.0,4,40,10,50.9,3,3,231,48
30,Mark Andrews,BAL,2022,TE,15,73,113,847,11.6,5,36,7,56.5,1,0,243,48
31,Donovan Peoples-Jones,CLE,2022,WR,17,61,96,839,13.8,3,42,14,49.4,1,1,191,33
32,Gabe Davis,BUF,2022,WR,15,48,93,836,17.4,7,98,11,55.7,1,1,146,35
33,Courtland Sutton,DEN,2022,WR,15,64,109,829,13.0,2,51,11,55.3,0,0,152,38
34,Zay Jones,JAX,2022,WR,16,82,121,823,10.0,5,59,7,51.4,0,0,271,44
35,Cooper Kupp,LAR,2022,WR,9,75,98,812,10.8,6,75,11,90.2,2,1,422,42
36,Jakobi Meyers,NE,2022,WR,14,67,96,804,12.0,6,48,14,57.4,1,1,238,38
37,George Pickens,PIT,2022,WR,17,52,84,801,15.4,4,42,17,47.1,0,0,104,38
38,Allen Lazard,GB,2022,WR,15,60,100,788,13.1,6,47,13,52.5,0,0,248,45
39,Joshua Palmer,LAC,2022,WR,16,72,107,769,10.7,3,50,7,48.1,1,0,255,39
40,Evan Engram,JAX,2022,TE,17,73,98,766,10.5,4,36,10,45.1,0,0,465,33
41,George Kittle,SF,2022,TE,15,60,86,765,12.8,11,54,12,51.0,1,1,382,36
42,Tyler Boyd,CIN,2022,WR,16,58,82,762,13.1,5,60,10,47.6,0,0,249,41
43,Keenan Allen,LAC,2022,WR,10,66,89,752,11.4,4,46,7,75.2,1,1,263,39
44,Christian McCaffreySF/,CAR,2022,RB,17,85,108,741,8.7,5,49,8,43.6,0,0,695,36
45,Pat Freiermuth,PIT,2022,TE,16,63,98,732,11.6,2,57,9,45.8,0,0,291,37
46,Darius Slayton,NYG,2022,WR,16,46,71,724,15.7,2,55,12,45.3,2,1,262,30
47,Austin Ekeler,LAC,2022,RB,17,107,127,722,6.7,5,23,4,42.5,2,1,857,36
48,DeAndre Hopkins,ARI,2022,WR,9,64,96,717,11.2,3,33,8,79.7,2,1,165,35
49,Adam Thielen,MIN,2022,WR,17,70,107,716,10.2,6,36,7,42.1,0,0,152,45
50,Marquise Brown,ARI,2022,WR,12,67,107,709,10.6,3,47,9,59.1,1,0,236,33
51,Dallas Goedert,PHI,2022,TE,12,55,69,702,12.8,3,31,11,58.5,1,1,420,40
52,Brandin Cooks,HOU,2022,WR,13,57,93,699,12.3,3,44,13,53.8,0,0,205,29
53,Mack Hollins,LV,2022,WR,17,57,94,690,12.1,4,60,9,40.6,0,0,196,34
54,Marquez Valdes-Scantling,KC,2022,WR,17,42,81,687,16.4,2,57,13,40.4,0,0,149,32
55,Curtis Samuel,WSH,2022,WR,17,64,92,656,10.3,4,49,10,38.6,0,0,289,36
56,K.J. Osborn,MIN,2022,WR,17,60,90,650,10.8,5,66,6,38.2,1,0,300,32
57,Deebo Samuel Sr.,SF,2022,WR,13,56,94,632,11.3,2,57,7,48.6,0,0,493,25
58,David Njoku,CLE,2022,TE,14,58,80,628,10.8,4,38,8,44.9,1,1,338,36
59,Parris Campbell,IND,2022,WR,17,63,91,623,9.9,3,49,7,36.6,1,0,276,32
60,Tyler Higbee,LAR,2022,TE,17,72,108,620,8.6,3,26,4,36.5,0,0,404,32
61,Kalif Raymond,DET,2022,WR,17,47,64,616,13.1,0,56,10,36.2,1,1,218,24
62,Christian Watson,GB,2022,WR,14,41,66,611,14.9,7,63,8,43.6,0,0,276,28
63,Alec Pierce,IND,2022,WR,16,41,78,593,14.5,2,47,8,37.1,1,0,113,28
64,Dalton Schultz,DAL,2022,TE,15,57,89,577,10.1,5,30,5,38.5,1,1,204,27
65,Richie James,NYG,2022,WR,17,57,70,569,10.0,4,33,3,33.5,0,0,176,29
66,Noah Brown,DAL,2022,WR,16,43,74,555,12.9,3,51,6,34.7,1,1,128,25
67,Gerald Everett,LAC,2022,TE,16,58,87,555,9.6,4,26,4,34.7,0,0,326,29
68,Tyler Conklin,NYJ,2022,TE,17,58,87,552,9.5,3,30,6,32.5,2,0,291,25
69,Chris Moore,HOU,2022,WR,16,48,74,548,11.4,2,52,9,34.3,0,0,263,24
70,Cole Kmet,CHI,2022,TE,17,50,69,544,10.9,7,50,6,32.0,1,0,286,27
71,DeVante Parker,NE,2022,WR,13,31,47,539,17.4,3,43,10,41.5,0,0,105,25
72,DeAndre Carter,LAC,2022,WR,17,46,65,538,11.7,3,35,10,31.6,1,1,206,29
73,Corey Davis,NYJ,2022,WR,13,32,64,536,16.8,2,66,7,41.2,0,0,109,28
74,Olamide Zaccheaus,ATL,2022,WR,17,40,61,533,13.3,3,45,9,31.4,1,1,189,25
75,Marvin Jones Jr.,JAX,2022,WR,16,46,81,529,11.5,3,37,6,33.1,0,0,95,30
76,Robert Woods,TEN,2022,WR,17,53,91,527,9.9,2,41,3,31.0,0,0,156,31
77,Leonard Fournette,TB,2022,RB,16,73,83,523,7.2,3,44,3,32.7,0,0,563,26
78,Jahan Dotson,WSH,2022,WR,12,35,61,523,14.9,7,61,10,43.6,0,0,137,26
79,Dawson Knox,BUF,2022,TE,15,48,65,517,10.8,6,45,8,34.5,0,0,193,25
80,Jerick McKinnon,KC,2022,RB,17,56,71,512,9.1,9,56,6,30.1,1,1,541,28
81,Hunter Henry,NE,2022,TE,17,41,59,509,12.4,2,39,10,29.9,0,0,203,23
82,Juwan Johnson,NO,2022,TE,16,42,65,508,12.1,7,41,8,31.8,0,0,182,25
83,DJ Chark Jr.,DET,2022,WR,11,30,52,502,16.7,3,51,9,45.6,0,0,134,24
84,Jordan Akins,HOU,2022,TE,15,37,54,495,13.4,5,46,8,33.0,1,1,270,23
85,Darnell Mooney,CHI,2022,WR,12,40,61,493,12.3,2,56,7,41.1,0,0,164,20
86,Alvin Kamara,NO,2022,RB,15,57,77,490,8.6,2,54,3,32.7,2,2,465,17
87,Terrace Marshall Jr.,CAR,2022,WR,14,28,47,490,17.5,1,43,10,35.0,2,0,132,23
88,Rashid Shaheed,NO,2022,WR,12,28,34,488,17.4,2,68,6,40.7,1,0,170,18
89,Noah Fant,SEA,2022,TE,17,50,63,486,9.7,4,51,4,28.6,0,0,221,24
90,Nico Collins,HOU,2022,WR,10,37,66,481,13.0,2,58,8,48.1,0,0,163,21
91,Josh Reynolds,DET,2022,WR,14,38,59,479,12.6,3,31,8,34.2,0,0,115,25
92,Robert Tonyan,GB,2022,TE,17,53,67,470,8.9,2,24,6,27.6,0,0,230,20
93,Greg Dortch,ARI,2022,WR,16,52,64,467,9.0,2,47,5,29.2,0,0,293,19
94,Demarcus Robinson,BAL,2022,WR,17,48,75,458,9.5,2,31,4,26.9,2,1,150,23
95,Chase ClaypoolPIT/,CHI,2022,WR,15,46,79,451,9.8,1,31,7,30.1,1,1,143,24
96,Chigoziem Okonkwo,TEN,2022,TE,17,32,46,450,14.1,3,48,7,26.5,0,0,254,22
97,Elijah Moore,NYJ,2022,WR,16,37,65,446,12.1,1,42,8,27.9,1,0,111,22
98,Austin Hooper,TEN,2022,TE,17,41,60,444,10.8,2,24,2,26.1,0,0,134,28
99,Treylon Burks,TEN,2022,WR,11,33,54,444,13.5,1,51,8,40.4,0,0,161,19
100,Joe Mixon,CIN,2022,RB,14,60,75,441,7.3,2,35,4,31.5,0,0,468,16
101,Kendrick Bourne,NE,2022,WR,16,35,48,434,12.4,1,41,6,27.1,2,0,145,22
102,Russell Gage,TB,2022,WR,13,51,70,426,8.4,5,23,3,32.8,1,1,171,31
103,Romeo Doubs,GB,2022,WR,13,42,67,425,10.1,3,26,7,32.7,2,1,196,20
104,Michael Gallup,DAL,2022,WR,14,39,74,424,10.9,4,27,4,30.3,0,0,107,25
105,Isaiah McKenzie,BUF,2022,WR,15,42,65,423,10.1,4,30,4,28.2,0,0,128,27
106,Rhamondre Stevenson,NE,2022,RB,17,69,88,421,6.1,1,40,3,24.8,2,0,474,13
107,Foster Moreau,LV,2022,TE,15,33,54,420,12.7,2,33,7,28.0,0,0,237,24
108,Randall Cobb,GB,2022,WR,13,34,50,417,12.3,1,40,7,32.1,1,0,185,19
109,Trent Sherfield,MIA,2022,WR,17,30,51,417,13.9,2,75,5,24.5,0,0,145,18
110,Jauan Jennings,SF,2022,WR,16,35,56,416,11.9,1,44,3,26.0,1,0,176,23
111,Hayden Hurst,CIN,2022,TE,13,52,68,414,8.0,2,29,4,31.8,0,0,192,26
112,Rondale Moore,ARI,2022,WR,8,41,56,414,10.1,1,38,6,51.8,0,0,281,16
113,Greg Dulcich,DEN,2022,TE,10,33,55,411,12.5,2,39,6,41.1,0,0,155,18
114,Devin Duvernay,BAL,2022,WR,14,37,49,407,11.0,3,31,6,29.1,0,0,156,19
115,Zach Ertz,ARI,2022,TE,10,47,69,406,8.6,4,32,2,40.6,0,0,130,24
116,Josh Jacobs,LV,2022,RB,17,53,64,400,7.5,0,43,2,23.5,1,1,374,16
117,Derrick Henry,TEN,2022,RB,16,33,41,398,12.1,0,69,6,24.9,2,1,386,11
118,Nick Westbrook-Ikhine,TEN,2022,WR,17,25,50,397,15.9,3,63,5,23.4,0,0,112,18
119,Aaron Jones,GB,2022,RB,17,59,72,395,6.7,5,30,5,23.2,2,2,447,19
120,Isaiah HodginsBUF/,NYG,2022,WR,10,37,48,392,10.6,4,29,4,39.2,1,1,88,24
121,Cade Otton,TB,2022,TE,16,42,65,391,9.3,2,35,4,24.4,0,0,174,19
122,D'Andre Swift,DET,2022,RB,14,48,70,389,8.1,3,25,5,27.8,1,0,454,17
123,Darren Waller,LV,2022,TE,9,28,43,388,13.9,3,34,9,43.1,0,0,80,18
124,Marquise Goodwin,SEA,2022,WR,13,27,42,387,14.3,4,38,9,29.8,0,0,114,18
125,Ben Skowronek,LAR,2022,WR,14,39,61,376,9.6,0,32,5,26.9,0,0,137,16
126,Isaiah Likely,BAL,2022,TE,16,36,60,373,10.4,3,34,4,23.3,0,0,151,18
127,Tony Pollard,DAL,2022,RB,16,39,55,371,9.5,3,68,3,23.2,0,0,347,18
128,Van Jefferson,LAR,2022,WR,11,24,44,369,15.4,3,39,7,33.5,0,0,38,20
129,Nelson Agholor,NE,2022,WR,16,31,53,362,11.7,2,44,6,22.6,2,2,144,12
130,Mike Gesicki,MIA,2022,TE,17,32,52,362,11.3,5,32,5,21.3,0,0,97,19
131,Kyle Pitts,ATL,2022,TE,10,28,59,356,12.7,2,33,5,35.6,0,0,126,20
132,Quez Watkins,PHI,2022,WR,17,33,51,354,10.7,3,53,5,20.8,1,1,146,13
133,Antonio Gibson,WSH,2022,RB,15,46,58,353,7.7,2,26,2,23.5,0,0,297,18
134,Will Dissly,SEA,2022,TE,15,34,38,349,10.3,3,38,1,23.3,0,0,184,20
135,Allen Robinson II,LAR,2022,WR,10,33,52,339,10.3,3,29,3,33.9,0,0,71,23
136,Saquon Barkley,NYG,2022,RB,16,57,76,338,5.9,0,41,2,21.1,0,0,434,10
137,Hunter Renfrow,LV,2022,WR,10,36,50,330,9.2,2,27,3,33.0,3,1,148,18
138,Sammy WatkinsBAL/,GB,2022,WR,12,16,27,325,20.3,0,55,7,27.1,1,1,126,11
139,Logan Thomas,WSH,2022,TE,14,39,61,323,8.3,1,27,2,23.1,0,0,126,15
140,Equanimeous St. Brown,CHI,2022,WR,16,21,38,323,15.4,1,56,5,20.2,1,0,98,14
141,Colby Parkinson,SEA,2022,TE,17,25,34,322,12.9,2,39,5,18.9,0,0,150,14
142,David Montgomery,CHI,2022,RB,16,34,40,316,9.3,1,32,5,19.8,1,1,283,10
143,Travis Etienne Jr.,JAX,2022,RB,17,35,45,316,9.0,0,30,6,18.6,2,0,354,16
144,Justin Watson,KC,2022,WR,17,15,34,315,21.0,2,67,6,18.5,0,0,60,12
145,Jelani Woods,IND,2022,TE,15,25,40,312,12.5,3,36,4,20.8,1,0,120,16
146,Kendall Hinton,DEN,2022,WR,12,24,33,311,13.0,0,35,5,25.9,0,0,139,14
147,Kylen Granson,IND,2022,TE,13,31,40,302,9.7,0,32,3,23.2,1,0,127,17
148,James Conner,ARI,2022,RB,13,46,58,300,6.5,1,22,2,23.1,0,0,376,13
149,Julio Jones,TB,2022,WR,10,24,43,299,12.5,2,48,3,29.9,0,0,124,13
150,Noah Gray,KC,2022,TE,17,28,34,299,10.7,1,27,3,17.6,0,0,182,14
151,Tutu Atwell,LAR,2022,WR,13,18,35,298,16.6,1,62,5,22.9,0,0,60,11
152,Mecole Hardman,KC,2022,WR,8,25,34,297,11.9,4,36,5,37.1,0,0,160,14
153,Shi Smith,CAR,2022,WR,17,22,41,296,13.5,2,38,6,17.4,1,1,132,14
154,Dalvin Cook,MIN,2022,RB,17,39,56,295,7.6,2,64,2,17.4,0,0,331,16
155,Rachaad White,TB,2022,RB,17,50,58,290,5.8,2,20,1,17.1,1,1,319,13
156,Michael Carter,NYJ,2022,RB,16,41,54,288,7.0,0,37,1,18.0,0,0,274,12
157,Samaje Perine,CIN,2022,RB,16,38,51,287,7.6,4,32,2,17.9,0,0,321,11
158,Rashod Bateman,BAL,2022,WR,7,15,28,285,19.0,2,75,5,40.7,1,1,133,7
159,Robbie ChosenARI/,CAR,2022,WR,16,20,44,282,14.1,1,75,3,17.6,1,1,96,10
160,Devin Singletary,BUF,2022,RB,16,38,52,280,7.4,1,22,1,17.5,0,0,257,15
161,Tre'Quan Smith,NO,2022,WR,15,19,27,278,14.6,1,48,4,18.5,0,0,66,14
162,Jarvis Landry,NO,2022,WR,9,25,39,272,10.9,1,40,2,30.2,1,0,61,12
163,Laviska Shenault Jr.,CAR,2022,WR,13,27,32,272,10.1,1,67,3,20.9,0,0,330,10
164,Damiere Byrd,ATL,2022,WR,14,13,23,268,20.6,2,75,3,19.1,0,0,105,9
165,Daniel Bellinger,NYG,2022,TE,12,30,35,268,8.9,2,24,2,22.3,1,1,144,14
166,Trey McBride,ARI,2022,TE,16,29,39,265,9.1,1,29,3,16.6,1,0,117,12
167,Phillip Dorsett,HOU,2022,WR,15,20,40,257,12.9,1,34,5,17.1,0,0,62,11
168,Skyy Moore,KC,2022,WR,16,22,33,250,11.4,0,30,2,15.6,0,0,148,13
169,Tyquan Thornton,NE,2022,WR,13,22,45,247,11.2,2,29,4,19.0,0,0,68,13
170,Jonnu Smith,NE,2022,TE,14,27,38,245,9.1,0,53,3,17.5,0,0,200,9
171,Dante Pettis,CHI,2022,WR,17,19,41,245,12.9,3,51,2,14.4,0,0,63,9
172,Ray-Ray McCloud II,ISF,2022,WR,17,14,25,243,17.4,1,42,5,14.3,0,0,92,11
173,Nyheim HinesIND/,BUF,2022,RB,16,30,37,241,8.0,1,22,2,15.1,0,0,190,11
174,Nick Chubb,CLE,2022,RB,17,27,37,239,8.9,1,26,1,14.1,0,0,259,12
175,Harrison Bryant,CLE,2022,TE,17,31,42,239,7.7,1,30,1,14.1,0,0,113,12
176,A.J. Green,ARI,2022,WR,15,24,47,236,9.8,2,77,1,15.7,0,0,56,11
177,C.J. Uzomah,NYJ,2022,TE,15,21,27,232,11.0,2,40,4,15.5,0,0,105,10
178,Trenton Irwin,CIN,2022,WR,9,15,23,231,15.4,4,45,3,25.7,0,0,59,12
179,Najee Harris,PIT,2022,RB,17,41,53,229,5.6,3,19,0,13.5,1,1,207,16
180,Wan'Dale Robinson,NYG,2022,WR,6,23,31,227,9.9,1,19,0,37.8,0,0,126,13
181,Melvin Gordon III,DEN,2022,RB,10,25,32,223,8.9,0,24,3,22.3,1,0,206,11
182,Breece Hall,NYJ,2022,RB,7,19,31,218,11.5,1,79,2,31.1,1,1,171,8
183,Brock Wright,DET,2022,TE,17,18,24,216,12.0,4,51,3,12.7,0,0,165,13
184,Jaylen Warren,PIT,2022,RB,16,28,33,214,7.6,0,26,1,13.4,0,0,225,14
185,David Bell,CLE,2022,WR,16,24,35,214,8.9,0,20,1,13.4,0,0,75,7
186,Ameer Abdullah,LV,2022,RB,17,25,32,211,8.4,1,23,1,12.4,0,0,195,8
187,Kareem Hunt,CLE,2022,RB,17,35,44,210,6.0,1,24,1,12.4,0,0,243,11
188,Deon Jackson,IND,2022,RB,16,30,34,209,7.0,1,27,4,13.1,0,0,228,10
189,Adam Trautman,NO,2022,TE,15,18,22,207,11.5,1,22,2,13.8,0,0,123,9
190,Ashton Dulin,IND,2022,WR,12,15,22,207,13.8,1,39,2,17.3,0,0,35,12
191,AJ Dillon,GB,2022,RB,17,28,43,206,7.4,0,17,0,12.1,1,0,197,9
192,Rex Burkhead,HOU,2022,RB,16,37,51,204,5.5,1,17,0,12.8,0,0,204,8
193,Amari RodgersHOU/,GB,2022,WR,16,16,25,204,12.8,1,37,3,12.8,2,0,68,12
194,Raheem Mostert,MIA,2022,RB,16,31,42,202,6.5,2,25,2,12.6,0,0,179,11
195,KhaDarel Hodge,ATL,2022,WR,17,13,20,202,15.5,1,39,2,11.9,0,0,61,7
196,Kyle Juszczyk,SF,2022,FB,16,19,23,200,10.5,1,35,3,12.5,0,0,149,9
197,Ian Thomas,CAR,2022,TE,17,21,30,197,9.4,0,50,1,11.6,0,0,182,8
198,Eno BenjaminARI/HOU/,NO,2022,RB,15,25,34,193,7.7,0,22,1,12.9,0,0,234,10
199,Mo Alie-Cox,IND,2022,TE,17,19,28,189,9.9,3,34,1,11.1,1,1,99,9
200,Jamal Agnew,JAX,2022,WR,15,23,30,187,8.1,3,24,1,12.5,0,0,121,9
201,Denzel Mims,NYJ,2022,WR,10,11,25,186,16.9,0,63,2,18.6,0,0,75,7
202,Jeff Wilson Jr.SF/,MIA,2022,RB,16,22,37,185,8.4,1,16,0,11.6,1,1,136,7
203,Scotty Miller,TB,2022,WR,15,23,40,185,8.0,0,23,2,12.3,0,0,33,8
204,Irv Smith Jr.,MIN,2022,TE,8,25,36,182,7.3,2,17,0,22.8,1,0,91,9
205,James Cook,BUF,2022,RB,16,21,32,180,8.6,1,41,1,11.3,0,0,132,5
206,Jalen Nailor,MIN,2022,WR,15,9,13,179,19.9,1,47,3,11.9,0,0,67,7
207,Dontrell Hilliard,TEN,2022,RB,12,21,26,177,8.4,4,31,3,14.8,0,0,151,8
208,Cameron Brate,TB,2022,TE,11,20,38,174,8.7,0,21,1,15.8,0,0,61,8
209,Jake Ferguson,DAL,2022,TE,16,19,22,174,9.2,2,30,3,10.9,0,0,124,8
210,Tommy Tremble,CAR,2022,TE,17,19,32,174,9.2,3,29,1,10.2,0,0,62,9
211,J.D. McKissic,WSH,2022,RB,8,27,40,173,6.4,0,14,0,21.6,0,0,152,7
212,Michael Thomas,NO,2022,WR,3,16,22,171,10.7,3,21,2,57.0,0,0,21,13
213,Kadarius ToneyKC/,NYG,2022,WR,9,16,20,171,10.7,2,38,4,19.0,0,0,108,8
214,Chuba Hubbard,CAR,2022,RB,15,14,17,171,12.2,0,45,2,11.4,1,0,166,6
215,Kenneth Gainwell,PHI,2022,RB,17,23,29,169,7.3,0,20,1,9.9,0,0,141,7
216,KJ Hamler,DEN,2022,WR,7,7,14,165,23.6,0,55,3,23.6,0,0,23,3
217,Dameon Pierce,HOU,2022,RB,13,30,39,165,5.5,1,16,0,12.7,0,0,197,7
218,Kenneth Walker III,SEA,2022,RB,15,27,35,165,6.1,0,33,2,11.0,0,0,221,6
219,Khalil Shakir,BUF,2022,WR,14,10,20,161,16.1,1,31,4,11.5,0,0,83,7
220,Marquez Callaway,NO,2022,WR,14,16,32,158,9.9,1,33,2,11.3,0,0,35,11
221,Chase EdmondsMIA/,DEN,2022,RB,13,16,24,157,9.8,1,27,1,12.1,0,0,113,7
222,Travis Homer,SEA,2022,RB,10,16,18,157,9.8,1,27,3,15.7,1,1,122,7
223,Brandon Powell,LAR,2022,WR,17,24,32,156,6.5,0,16,0,9.2,0,0,184,7
224,Sterling Shepard,NYG,2022,WR,3,13,24,154,11.8,1,65,1,51.3,0,0,55,4
225,DeSean Jackson,BAL,2022,WR,7,9,17,153,17.0,0,62,2,21.9,0,0,23,5
226,Connor Heyward,PIT,2022,TE,17,12,17,151,12.6,1,45,2,8.9,0,0,62,6
227,Clyde Edwards-Helaire,KC,2022,RB,10,17,23,151,8.9,3,25,2,15.1,0,0,144,11
228,MyCole Pruitt,ATL,2022,TE,13,16,21,150,9.4,4,29,2,11.5,0,0,75,10
229,Zach Pascal,PHI,2022,WR,17,15,19,150,10.0,1,34,2,8.8,0,0,86,9
230,Josh Oliver,BAL,2022,TE,17,14,25,149,10.6,2,40,1,8.8,0,0,74,7
231,Eric Saubert,DEN,2022,TE,17,15,24,148,9.9,1,25,3,8.7,0,0,75,6
232,O.J. Howard,HOU,2022,TE,13,10,23,145,14.5,2,26,4,11.2,0,0,60,6
233,Braxton Berrios,NYJ,2022,WR,17,18,32,145,8.1,0,25,2,8.5,0,0,92,8
234,Jonathan Taylor,IND,2022,RB,11,28,40,143,5.1,0,19,0,13.0,0,0,204,4
235,Dyami Brown,WSH,2022,WR,15,5,14,143,28.6,2,75,2,9.5,0,0,31,5
236,Keelan Cole Sr.,LV,2022,WR,14,10,21,141,14.1,1,30,3,10.1,0,0,20,8
237,Tom Kennedy,DET,2022,WR,7,8,15,141,17.6,0,44,2,20.1,0,0,78,7
238,Johnny Mundt,MIN,2022,TE,17,19,21,140,7.4,1,17,0,8.2,0,0,117,9
239,Mitchell Wilcox,CIN,2022,TE,16,17,18,139,8.2,1,19,0,8.7,0,0,74,6
240,Tyler Allgeier,ATL,2022,RB,16,16,17,139,8.7,1,26,4,8.7,0,0,164,8
241,Cedrick Wilson Jr.,MIA,2022,WR,15,12,18,136,11.3,0,21,2,9.1,0,0,45,8
242,Byron Pringle,CHI,2022,WR,11,10,16,135,13.5,2,35,3,12.3,0,0,14,8
243,Dan Arnold,JAX,2022,TE,17,9,13,135,15.0,0,26,3,7.9,0,0,75,5
244,Jeff Smith,NYJ,2022,WR,11,8,11,134,16.8,0,50,2,12.2,0,0,37,5
245,Latavius MurrayNO/,DEN,2022,RB,13,27,35,132,4.9,0,15,0,10.2,0,0,188,4
246,Tanner Hudson,NYG,2022,TE,11,10,15,132,13.2,0,27,1,12.0,0,0,59,8
247,Zach Gentry,PIT,2022,TE,17,19,23,132,6.9,0,32,2,7.8,0,0,102,6
248,Donald Parham Jr.,LAC,2022,TE,6,10,12,130,13.0,1,24,2,21.7,0,0,42,5
249,Isiah Pacheco,KC,2022,RB,17,13,14,130,10.0,0,32,1,7.6,0,0,157,7
250,Durham Smythe,MIA,2022,TE,16,15,20,129,8.6,1,26,1,8.1,0,0,47,7
251,Brevin Jordan,HOU,2022,TE,11,14,28,128,9.1,0,20,2,11.6,0,0,85,7
252,JaMycal Hasty,JAX,2022,RB,17,20,26,126,6.3,1,28,2,7.4,0,0,129,7
253,DeeJay Dallas,SEA,2022,RB,15,17,19,126,7.4,0,41,1,8.4,0,0,126,5
254,Jack Stoll,PHI,2022,TE,17,11,14,123,11.2,0,26,2,7.2,0,0,49,5
255,Cordarrelle Patterson,ATL,2022,RB,13,21,31,122,5.8,0,16,0,9.4,0,0,116,6
256,T.Y. Hilton,DAL,2022,WR,3,7,10,121,17.3,0,52,2,40.3,0,0,33,5
257,Matt Breida,NYG,2022,RB,17,20,25,118,5.9,0,16,0,6.9,0,0,100,5
258,Lawrence CagerNYG/,NYJ,2022,TE,7,13,19,118,9.1,1,20,1,16.9,0,0,78,8
259,Pharaoh BrownHOU/,CLE,2022,TE,16,12,20,117,9.8,0,30,1,7.3,0,0,83,6
260,Cam Akers,LAR,2022,RB,15,13,18,117,9.0,0,18,0,7.8,0,0,136,8
261,N'Keal Harry,CHI,2022,WR,7,7,9,116,16.6,1,49,1,16.6,0,0,16,4
262,Craig Reynolds,DET,2022,RB,9,9,10,116,12.9,0,36,2,12.9,0,0,112,5
263,Josiah Deguara,GB,2022,TE,17,13,15,114,8.8,0,25,1,6.7,0,0,63,4
264,James Mitchell,DET,2022,TE,14,11,11,113,10.3,1,22,2,8.1,0,0,62,7
265,Teagan Quitoriano,HOU,2022,TE,9,7,14,113,16.1,2,52,2,12.6,0,0,53,5
266,Breshad Perriman,TB,2022,WR,11,9,19,110,12.2,1,28,2,10.0,1,1,52,5
267,Brycen Hopkins,LAR,2022,TE,14,7,11,109,15.6,0,22,2,7.8,0,0,33,5
268,John Bates,WSH,2022,TE,16,14,22,108,7.7,1,20,1,6.8,1,0,54,4
269,Jody Fortson,KC,2022,TE,13,9,13,108,12.0,2,40,2,8.3,0,0,40,6
270,Velus Jones Jr.,CHI,2022,WR,12,7,14,107,15.3,1,44,2,8.9,0,0,37,4
271,David Sills V,NYG,2022,WR,9,11,17,106,9.6,0,24,1,11.8,0,0,40,7
272,Ross Dwelley,SF,2022,TE,12,3,5,105,35.0,1,56,2,8.8,0,0,43,3
273,Alec Ingold,MIA,2022,FB,17,15,23,105,7.0,1,17,0,6.2,0,0,93,4
274,Dare Ogunbowale,HOU,2022,RB,17,20,26,104,5.2,0,23,1,6.1,0,0,124,5
275,Steven Sims,PIT,2022,WR,12,14,23,104,7.4,0,28,1,8.7,0,0,86,5
276,Jalen Reagor,MIN,2022,WR,17,8,13,104,13.0,1,38,2,6.1,0,0,28,5
277,Peyton Hendershot,DAL,2022,TE,17,11,16,103,9.4,2,29,2,6.1,0,0,47,8
278,River Cracraft,MIA,2022,WR,11,9,14,102,11.3,2,22,1,9.3,0,0,26,8
279,Darrell Henderson Jr.,LAR,2022,RB,10,17,22,102,6.0,0,15,0,10.2,0,0,110,5
280,Justin Jackson,DET,2022,RB,16,12,19,101,8.4,1,15,0,6.3,0,0,110,7
281,Joshua Kelley,LAC,2022,RB,13,14,25,101,7.2,0,22,1,7.8,0,0,88,4
282,Anthony Firkser,ATL,2022,TE,11,9,13,100,11.1,0,22,1,9.1,0,0,20,5
283,Giovanni Ricci,CAR,2022,TE,15,8,9,100,12.5,0,32,1,6.7,0,0,58,3
284,Zonovan Knight,NYJ,2022,RB,7,13,14,100,7.7,0,16,0,14.3,1,0,132,5
285,Marcus Johnson,NYG,2022,WR,14,9,22,99,11.0,0,18,0,7.1,0,0,36,6
286,Marlon MackSF/,DEN,2022,RB,8,8,10,99,12.4,1,66,1,12.4,0,0,114,2
287,Damien Harris,NE,2022,RB,11,17,23,97,5.7,0,15,0,8.8,0,0,86,4
288,Mike Boone,DEN,2022,RB,9,9,15,96,10.7,0,34,2,10.7,0,0,81,2
289,Albert Okwuegbunam Jr.,DEN,2022,TE,8,10,18,95,9.5,1,25,1,11.9,0,0,59,4
290,Raheem Blackshear,CAR,2022,RB,13,10,12,93,9.3,0,27,1,7.2,0,0,105,3
291,Ezekiel Elliott,DAL,2022,RB,15,17,23,92,5.4,0,31,1,6.1,0,0,88,4
292,Alexander Mattison,MIN,2022,RB,17,15,18,91,6.1,1,16,0,5.4,0,0,121,4
293,Kenyan Drake,BAL,2022,RB,12,17,26,89,5.2,1,15,0,7.4,0,0,125,7
294,Cam Sims,WSH,2022,WR,17,8,18,89,11.1,0,21,1,5.2,0,0,18,5
295,Parker Hesse,ATL,2022,TE,17,9,11,89,9.9,0,22,1,5.2,0,0,36,6
296,Michael Bandy,LAC,2022,WR,10,10,21,89,8.9,0,25,2,8.9,0,0,25,5
297,Ty Johnson,NYJ,2022,RB,17,12,24,88,7.3,0,16,0,5.2,0,0,73,3
298,C.J. Ham,MIN,2022,FB,17,10,12,86,8.6,0,17,0,5.1,0,0,56,7
299,Quintin Morris,BUF,2022,TE,14,8,11,84,10.5,1,26,1,6.0,1,1,33,6
300,Samori Toure,GB,2022,WR,11,5,10,82,16.4,1,37,2,7.5,1,0,11,2
301,Kenny Golladay,NYG,2022,WR,12,6,17,81,13.5,1,25,1,6.8,0,0,11,4
302,Grant Calcaterra,PHI,2022,TE,15,5,9,81,16.2,0,40,1,5.4,0,0,41,3
303,Ko Kieft,TB,2022,TE,17,7,10,80,11.4,1,19,0,4.7,0,0,31,5
304,Eric Tomlinson,DEN,2022,TE,17,9,13,79,8.8,2,18,0,4.6,0,0,44,5
305,Miles Sanders,PHI,2022,RB,17,20,26,78,3.9,0,16,0,4.6,1,1,103,2
306,Marcus Jones,NE,2022,CB,15,4,4,78,19.5,1,48,1,5.2,0,0,95,3
307,Kyle Philips,TEN,2022,WR,4,8,13,78,9.8,0,21,2,19.5,0,0,21,3
308,Taysom Hill,NO,2022,QB,16,9,13,77,8.6,2,30,1,4.8,0,0,37,5
309,Javonte Williams,DEN,2022,RB,4,16,22,76,4.8,0,13,0,19.0,0,0,118,4
310,Kyren Williams,LAR,2022,RB,10,9,12,76,8.4,0,15,0,7.6,0,0,80,5
311,Jalen Virgil,DEN,2022,WR,9,2,5,75,37.5,1,66,1,8.3,0,0,43,2
312,Patrick Ricard,BAL,2022,FB,17,11,13,74,6.7,0,19,0,4.4,0,0,72,1
313,Kevin White,NO,2022,WR,7,2,5,74,37.0,0,64,1,10.6,0,0,68,2
314,Freddie SwainMIA/,DEN,2022,WR,4,4,6,74,18.5,0,52,1,18.5,0,0,27,3
315,Jamaal Williams,DET,2022,RB,17,12,16,73,6.1,0,17,0,4.3,0,0,65,4
316,Tre' McKitty,LAC,2022,TE,17,10,18,72,7.2,0,12,0,4.2,1,0,52,0
317,Andrew Beck,DEN,2022,FB,13,5,11,69,13.8,0,27,2,5.3,0,0,47,2
318,Reggie Gilliam,BUF,2022,FB,15,8,10,69,8.6,1,14,0,4.6,0,0,54,4
319,Mark Ingram I,INO,2022,RB,10,16,18,68,4.3,0,11,0,6.8,1,1,78,2
320,Marcedes Lewis,GB,2022,TE,17,6,7,66,11.0,2,31,1,3.9,0,0,14,5
321,Chris Myarick,NYG,2022,TE,16,7,8,65,9.3,1,23,1,4.1,0,0,38,5
322,Jake Kumerow,BUF,2022,WR,6,4,7,64,16.0,0,39,1,10.7,0,0,17,4
323,Jalen Guyton,LAC,2022,WR,3,2,4,64,32.0,0,54,1,21.3,0,0,7,2
324,Armani Rogers,WSH,2022,TE,11,5,6,64,12.8,0,23,1,5.8,0,0,57,4
325,Malik Davis,DAL,2022,RB,12,6,7,63,10.5,0,18,0,5.3,0,0,65,5
326,Trent Taylor,CIN,2022,WR,16,6,10,62,10.3,0,34,1,3.9,0,0,43,1
327,James Proche II,BAL,2022,WR,15,8,17,62,7.8,0,12,0,4.1,0,0,16,3
328,Avery Williams,ATL,2022,CB,17,13,14,61,4.7,0,10,0,3.6,0,0,79,3
329,Jamison Crowder,BUF,2022,WR,4,6,13,60,10.0,0,16,0,15.0,0,0,30,4
330,Brian Robinson Jr.,WSH,2022,RB,12,9,12,60,6.7,1,18,0,5.0,0,0,72,3
331,Shane Zylstra,DET,2022,TE,13,11,15,60,5.5,4,14,0,4.6,0,0,13,6
332,Mike Strachan,IND,2022,WR,13,3,9,59,19.7,0,23,2,4.5,0,0,13,3
333,Geoff Swaim,TEN,2022,TE,17,12,16,58,4.8,1,13,0,3.4,0,0,43,4
334,Justice Hill,BAL,2022,RB,15,12,12,58,4.8,0,15,0,3.9,1,0,83,2
335,Dee Eskridge,SEA,2022,WR,10,7,13,58,8.3,0,16,0,5.8,0,0,46,4
336,Brandon Bolden,LV,2022,RB,16,9,9,57,6.3,1,18,0,3.6,0,0,27,2
337,Tyler Kroft,SF,2022,TE,11,4,5,57,14.3,0,28,1,5.2,0,0,14,2
338,Khalil Herbert,CHI,2022,RB,13,9,12,57,6.3,1,25,2,4.4,0,0,81,2
339,Hassan Haskins,TEN,2022,RB,15,11,12,57,5.2,0,10,0,3.8,0,0,58,2
340,Nick VannettNO/,NYG,2022,TE,9,6,9,55,9.2,0,15,0,6.1,0,0,32,1
341,Corey Clement,ARI,2022,RB,9,5,7,54,10.8,0,21,1,6.0,0,0,61,3
342,Cody Hollister,TEN,2022,WR,11,3,5,54,18.0,0,27,2,4.9,0,0,8,2
343,Sony Michel,LAC,2022,RB,10,9,13,53,5.9,0,9,0,5.3,0,0,46,1
344,Gunner Olszewski,PIT,2022,WR,16,5,7,53,10.6,0,31,1,3.3,0,0,13,1
345,James RobinsonJAX/,NYJ,2022,RB,11,11,14,51,4.6,2,10,0,4.6,0,0,57,5
346,Anthony Schwartz,CLE,2022,WR,11,4,10,51,12.8,0,19,0,4.6,1,1,27,2
347,Charlie Kolar,BAL,2022,TE,2,4,6,49,12.3,0,15,0,24.5,0,0,20,3
348,David Johnson,NO,2022,RB,5,4,4,47,11.8,0,21,1,9.4,0,0,46,3
349,Chris ConleyHOU/,TEN,2022,WR,9,4,7,46,11.5,0,27,1,5.1,0,0,3,2
0,Cooper Kupp,LAR,2021,WR,17,145,191,1947,13.4,16,59,30,114.5,0,0,846,89
1,Justin Jefferson,MIN,2021,WR,17,108,167,1616,15.0,10,56,27,95.1,1,1,482,75
2,Davante Adams,GB,2021,WR,16,123,169,1553,12.6,11,59,19,97.1,0,0,604,84
3,Ja'Marr Chase,CIN,2021,WR,17,81,128,1455,18.0,13,82,22,85.6,2,1,651,56
4,Deebo Samuel Sr.,SF,2021,WR,16,77,121,1405,18.2,6,83,23,87.8,4,2,780,51
5,Mark Andrews,BAL,2021,TE,17,107,153,1361,12.7,9,43,20,80.1,1,0,458,75
6,Tyreek Hill,KC,2021,WR,17,111,159,1239,11.2,9,75,13,72.9,2,1,444,75
7,Stefon Diggs,BUF,2021,WR,17,103,164,1225,11.9,10,61,12,72.1,1,0,326,66
8,Tyler Lockett,SEA,2021,WR,16,73,107,1175,16.1,8,69,22,73.4,0,0,277,41
9,Diontae Johnson,PIT,2021,WR,16,107,169,1161,10.9,8,50,14,72.6,2,2,527,59
10,DJ Moore,CAR,2021,WR,17,93,163,1157,12.4,4,64,16,68.1,1,1,426,60
11,Mike Williams,LAC,2021,WR,16,76,129,1146,15.1,9,72,17,71.6,0,0,415,51
12,Keenan Allen,LAC,2021,WR,16,106,157,1138,10.7,6,42,12,71.1,1,0,337,66
13,Travis Kelce,KC,2021,TE,16,92,134,1125,12.2,9,69,13,70.3,1,1,564,63
14,CeeDee Lamb,DAL,2021,WR,16,79,120,1102,13.9,6,49,20,68.9,0,0,441,54
15,Tee Higgins,CIN,2021,WR,14,74,110,1091,14.7,6,54,17,77.9,1,1,290,53
16,Michael Pittman Jr.,IND,2021,WR,17,88,129,1082,12.3,6,57,12,63.6,1,0,348,54
17,Darnell Mooney,CHI,2021,WR,17,81,140,1055,13.0,4,64,14,62.1,0,0,381,49
18,Terry McLaurin,WSH,2021,WR,17,77,130,1053,13.7,5,46,15,61.9,0,0,317,47
19,Hunter Renfrow,LV,2021,WR,17,103,128,1038,10.1,9,54,10,61.1,1,1,452,51
20,Brandin Cooks,HOU,2021,WR,16,90,134,1037,11.5,6,52,12,64.8,0,0,357,45
21,Mike Evans,TB,2021,WR,16,74,114,1035,14.0,14,46,20,64.7,0,0,259,56
22,Kyle Pitts,ATL,2021,TE,17,68,110,1026,15.1,1,61,16,60.4,0,0,313,43
23,Jaylen Waddle,MIA,2021,WR,16,104,140,1015,9.8,6,57,8,63.4,1,0,439,59
24,Marquise Brown,BAL,2021,WR,16,91,146,1008,11.1,6,49,15,63.0,3,1,388,41
25,Christian Kirk,ARI,2021,WR,17,77,103,982,12.8,5,50,16,57.8,0,0,243,44
26,DK Metcalf,SEA,2021,WR,17,75,129,967,12.9,12,84,11,56.9,1,0,328,48
27,DeVonta Smith,PHI,2021,WR,17,64,104,916,14.3,5,46,16,53.9,1,1,220,43
28,Amon-Ra St. Brown,DET,2021,WR,17,90,119,912,10.1,5,37,11,53.6,0,0,424,48
29,George Kittle,SF,2021,TE,14,71,94,910,12.8,6,48,13,65.0,2,1,450,42
30,A.J. Brown,TEN,2021,WR,13,63,105,869,13.8,5,57,10,66.8,0,0,248,45
31,Jakobi Meyers,NE,2021,WR,17,83,126,866,10.4,2,39,12,50.9,1,1,222,42
32,Amari Cooper,DAL,2021,WR,15,68,104,865,12.7,8,41,15,57.7,1,0,235,45
33,Chase Claypool,PIT,2021,WR,15,59,105,860,14.6,2,59,13,57.3,0,0,295,36
34,A.J. Green,ARI,2021,WR,16,54,92,848,15.7,3,42,16,53.0,0,0,181,37
35,Marvin Jones Jr.,JAX,2021,WR,17,73,120,832,11.4,4,33,13,48.9,0,0,132,42
36,Dallas Goedert,PHI,2021,TE,15,56,76,830,14.8,4,45,14,55.3,1,0,386,42
37,Tyler Boyd,CIN,2021,WR,16,67,94,828,12.4,5,68,10,51.8,1,0,389,37
38,Brandon Aiyuk,SF,2021,WR,17,56,84,826,14.8,5,43,16,48.6,1,1,349,37
39,Dalton Schultz,DAL,2021,TE,17,78,104,808,10.4,8,32,6,47.5,0,0,348,43
40,Rob Gronkowski,TB,2021,TE,12,55,89,802,14.6,6,42,16,66.8,0,0,350,34
41,Van Jefferson,LAR,2021,WR,17,50,89,802,16.0,6,79,12,47.2,0,0,216,32
42,Kendrick Bourne,NE,2021,WR,17,55,70,800,14.5,5,75,10,47.1,1,1,385,27
43,Mike Gesicki,MIA,2021,TE,17,73,112,780,10.7,2,40,12,45.9,0,0,221,39
44,Courtland Sutton,DEN,2021,WR,17,58,98,776,13.4,2,55,9,45.6,0,0,135,35
45,Russell Gage,ATL,2021,WR,14,66,94,770,11.7,4,49,8,55.0,2,2,253,37
46,Zach ErtzARI/,PHI,2021,TE,17,74,112,763,10.3,5,47,7,44.9,0,0,340,40
47,Tim Patrick,DEN,2021,WR,16,53,85,734,13.8,5,44,10,45.9,0,0,202,39
48,Marquez Callaway,NO,2021,WR,17,46,84,698,15.2,6,58,9,41.1,0,0,144,32
49,Cole Beasley,BUF,2021,WR,16,82,112,693,8.5,1,29,5,43.3,1,0,305,34
50,Mecole Hardman,KC,2021,WR,17,59,83,693,11.7,2,53,8,40.8,1,1,502,33
51,Noah Fant,DEN,2021,TE,16,68,90,670,9.9,4,35,7,41.9,0,0,309,29
52,Darren Waller,LV,2021,TE,11,55,93,665,12.1,2,33,13,60.5,0,0,242,31
53,K.J. Osborn,MIN,2021,WR,17,50,82,655,13.1,7,64,10,38.5,0,0,179,26
54,Austin Ekeler,LAC,2021,RB,16,70,94,647,9.2,8,40,3,40.4,4,3,627,31
55,Quez Watkins,PHI,2021,WR,17,43,62,647,15.0,1,91,12,38.1,0,0,253,25
56,Emmanuel Sanders,BUF,2021,WR,14,42,72,626,14.9,4,41,10,44.7,0,0,85,31
57,Laviska Shenault Jr.,JAX,2021,WR,16,63,100,619,9.8,0,58,5,38.7,1,1,389,30
58,Cole Kmet,CHI,2021,TE,17,60,93,612,10.2,0,25,7,36.0,0,0,246,29
59,Hunter Henry,NE,2021,TE,17,50,75,603,12.1,9,35,8,35.5,0,0,144,34
60,Cedrick Wilson Jr.,DAL,2021,WR,16,45,61,602,13.4,6,73,8,37.6,1,0,260,27
61,Donovan Peoples-Jones,CLE,2021,WR,14,34,58,597,17.6,3,60,12,42.6,1,1,146,26
62,Tyler Conklin,MIN,2021,TE,17,61,87,593,9.7,3,40,4,34.9,1,0,327,26
63,Dawson Knox,BUF,2021,TE,15,49,71,587,12.0,9,53,8,39.1,0,0,277,31
64,Kalif Raymond,DET,2021,WR,16,48,71,576,12.0,4,75,8,36.0,0,0,264,28
65,Bryan Edwards,LV,2021,WR,17,34,59,571,16.8,3,51,11,33.6,1,0,190,26
66,Jarvis Landry,CLE,2021,WR,12,52,87,570,11.0,2,38,7,47.5,1,1,273,29
67,Deonte Harty,NO,2021,WR,13,36,59,570,15.8,3,72,5,43.8,0,0,241,23
68,Byron Pringle,KC,2021,WR,17,42,60,568,13.5,5,40,11,33.4,0,0,187,32
69,Jared Cook,LAC,2021,TE,16,48,83,564,11.8,4,42,7,35.3,0,0,238,31
70,Tyler Higbee,LAR,2021,TE,15,61,85,560,9.2,5,37,3,37.3,1,0,281,33
71,Gabe Davis,BUF,2021,WR,16,35,63,549,15.7,6,49,13,34.3,0,0,140,29
72,Cordarrelle Patterson,ATL,2021,RB,16,52,69,548,10.5,5,64,8,34.3,0,0,385,26
73,Zay Jones,LV,2021,WR,17,47,70,546,11.6,1,43,8,32.1,1,1,170,29
74,Odell Beckham Jr.LAR/,CLE,2021,WR,14,44,82,537,12.2,5,54,7,38.4,0,0,151,27
75,Kenny Golladay,NYG,2021,WR,14,37,76,521,14.1,0,36,5,37.2,0,0,119,27
76,Robbie Chosen,CAR,2021,WR,17,53,110,519,9.8,5,57,3,30.5,0,0,158,27
77,DeVante Parker,MIA,2021,WR,10,40,73,515,12.9,2,42,7,51.5,0,0,104,29
78,Rashod Bateman,BAL,2021,WR,12,46,68,515,11.2,1,36,8,42.9,0,0,171,29
79,Allen Lazard,GB,2021,WR,15,40,60,513,12.8,8,42,8,34.2,0,0,168,28
80,Pat Freiermuth,PIT,2021,TE,16,60,79,497,8.3,7,24,2,31.1,1,1,247,34
81,C.J. Uzomah,CIN,2021,TE,16,49,63,493,10.1,5,55,7,30.8,0,0,300,24
82,Gerald Everett,SEA,2021,TE,15,48,63,478,10.0,4,41,5,31.9,2,2,249,26
83,Nick Westbrook-Ikhine,TEN,2021,WR,16,38,57,476,12.5,4,46,5,29.8,1,1,144,23
84,David Njoku,CLE,2021,TE,16,36,53,475,13.2,4,71,8,29.7,0,0,247,17
85,Nelson Agholor,NE,2021,WR,15,37,64,473,12.8,3,44,9,31.5,0,0,118,23
86,Najee Harris,PIT,2021,RB,17,74,94,467,6.3,3,25,3,27.5,0,0,499,22
87,Jerry Jeudy,DEN,2021,WR,10,38,56,467,12.3,0,40,7,46.7,1,0,185,22
88,DeSean JacksonLV/,LAR,2021,WR,16,20,34,454,22.7,2,75,6,28.4,1,1,175,12
89,Darrel Williams,KC,2021,RB,17,47,57,452,9.6,2,38,4,26.6,0,0,435,19
90,D'Andre Swift,DET,2021,RB,13,62,78,452,7.3,2,63,3,34.8,2,1,502,18
91,Keelan Cole Sr.,NYJ,2021,WR,15,28,51,449,16.0,1,54,7,29.9,0,0,85,20
92,Jalen Guyton,LAC,2021,WR,16,31,48,448,14.5,3,59,5,28.0,0,0,149,21
93,Jamison Crowder,NYJ,2021,WR,12,51,71,447,8.8,2,29,3,37.3,1,1,174,22
94,Nico Collins,HOU,2021,WR,14,33,60,446,13.5,1,32,8,31.9,0,0,131,22
95,Alvin Kamara,NO,2021,RB,13,47,67,439,9.3,5,31,4,33.8,0,0,432,20
96,Rondale Moore,ARI,2021,WR,14,54,64,435,8.1,1,77,3,31.1,1,0,438,18
97,Julio Jones,TEN,2021,WR,10,31,48,434,14.0,1,51,4,43.4,0,0,112,19
98,Laquon Treadwell,JAX,2021,WR,12,33,51,434,13.2,1,41,6,36.2,0,0,126,22
99,Marquez Valdes-Scantling,GB,2021,WR,11,26,55,430,16.5,3,75,8,39.1,0,0,146,18
100,Kadarius Toney,NYG,2021,WR,10,39,57,420,10.8,0,38,5,42.0,0,0,228,21
101,Allen Robinson II,CHI,2021,WR,12,38,66,410,10.8,1,39,5,34.2,0,0,101,22
102,Evan Engram,NYG,2021,TE,15,46,73,408,8.9,3,30,2,27.2,1,1,185,21
103,Olamide Zaccheaus,ATL,2021,WR,17,31,53,406,13.1,3,49,4,23.9,0,0,96,22
104,Brandon Bolden,NE,2021,RB,17,41,49,405,9.9,2,28,5,23.8,0,0,416,21
105,Josh ReynoldsDET/,TEN,2021,WR,12,29,49,396,13.7,2,39,6,33.0,0,0,119,21
106,Sammy Watkins,BAL,2021,WR,13,27,49,394,14.6,1,49,6,30.3,1,1,94,17
107,Aaron Jones,GB,2021,RB,15,52,65,391,7.5,6,26,4,26.1,1,0,412,22
108,Zach Pascal,IND,2021,WR,16,38,69,384,10.1,3,41,5,24.0,1,1,121,15
109,Adam Humphries,WSH,2021,WR,17,41,62,383,9.3,0,27,4,22.5,0,0,150,23
110,Tre'Quan Smith,NO,2021,WR,11,32,50,377,11.8,3,34,6,34.3,1,0,113,18
111,James Conner,ARI,2021,RB,15,37,39,375,10.1,3,45,5,25.0,0,0,382,18
112,Foster Moreau,LV,2021,TE,17,30,44,373,12.4,3,44,6,21.9,1,0,189,16
113,Ty Johnson,NYJ,2021,RB,16,34,55,372,10.9,2,23,3,23.3,0,0,334,20
114,Tyler Johnson,TB,2021,WR,17,36,55,360,10.0,0,31,4,21.2,0,0,137,14
115,Jonathan Taylor,IND,2021,RB,17,40,51,360,9.0,2,76,5,21.2,1,0,406,12
116,Durham Smythe,MIA,2021,TE,17,34,41,357,10.5,0,25,5,21.0,0,0,160,15
117,Joshua Palmer,LAC,2021,WR,17,33,49,353,10.7,4,36,3,20.8,0,0,94,18
118,Josh Jacobs,LV,2021,RB,15,54,64,348,6.4,0,29,2,23.2,0,0,395,14
119,Austin Hooper,CLE,2021,TE,16,38,61,345,9.1,3,34,4,21.6,0,0,185,18
120,Freddie Swain,SEA,2021,WR,17,25,40,343,13.7,4,68,6,20.2,0,0,206,12
121,Darius Slayton,NYG,2021,WR,13,26,58,339,13.0,2,42,4,26.1,1,1,65,14
122,Tony Pollard,DAL,2021,RB,15,39,46,337,8.6,0,32,2,22.5,2,0,341,15
123,T.Y. Hilton,IND,2021,WR,10,23,37,331,14.4,3,52,4,33.1,0,0,71,15
124,Albert Okwuegbunam Jr.,DEN,2021,TE,14,33,40,330,10.0,2,64,3,23.6,1,1,245,15
125,Damiere Byrd,CHI,2021,WR,17,26,38,329,12.7,1,54,3,19.4,0,0,116,18
126,Michael Carter,NYJ,2021,RB,14,36,55,325,9.0,0,23,2,23.2,1,1,341,17
127,Chris Conley,HOU,2021,WR,16,22,37,323,14.7,2,41,5,20.2,1,1,126,15
128,Mo Alie-Cox,IND,2021,TE,17,24,45,316,13.2,4,37,5,18.6,1,0,150,14
129,Javonte Williams,DEN,2021,RB,17,43,53,316,7.3,3,42,2,18.6,0,0,343,12
130,Joe Mixon,CIN,2021,RB,16,42,48,314,7.5,3,52,3,19.6,1,0,318,11
131,Marquise Goodwin,CHI,2021,WR,14,20,40,313,15.6,1,50,5,22.4,1,0,83,12
132,AJ Dillon,GB,2021,RB,17,34,37,313,9.2,2,50,3,18.4,1,0,310,15
133,Chase Edmonds,ARI,2021,RB,12,43,53,311,7.2,0,36,2,25.9,1,1,324,11
134,Nyheim Hines,IND,2021,RB,17,40,57,310,7.8,1,36,2,18.2,1,0,286,15
135,Jack Doyle,IND,2021,TE,17,29,43,302,10.4,3,34,3,17.8,0,0,125,18
136,Chester Rogers,TEN,2021,WR,16,30,43,301,10.0,1,39,3,18.8,0,0,103,12
137,David Montgomery,CHI,2021,RB,13,42,51,301,7.2,0,16,0,23.2,0,0,273,18
138,Jalen Reagor,PHI,2021,WR,17,33,57,299,9.1,2,34,4,17.6,0,0,151,13
139,Kyle Juszczyk,SF,2021,FB,17,30,38,296,9.9,1,26,2,17.4,0,0,151,16
140,DeAndre Carter,WSH,2021,WR,17,24,44,296,12.3,3,26,5,17.4,0,0,78,17
141,Jonnu Smith,NE,2021,TE,16,28,45,294,10.5,1,28,5,18.4,1,0,232,15
142,Antonio Gibson,WSH,2021,RB,16,42,52,294,7.0,3,73,2,18.4,1,1,333,12
143,Anthony Firkser,TEN,2021,TE,15,34,43,291,8.6,2,24,1,19.4,1,1,111,15
144,Ameer AbdullahMIN/,CAR,2021,RB,17,38,53,289,7.6,1,23,1,17.0,0,0,294,13
145,Ezekiel Elliott,DAL,2021,RB,17,47,65,287,6.1,2,21,1,16.9,0,0,295,16
146,Jauan Jennings,SF,2021,WR,16,24,38,282,11.8,5,34,4,17.6,1,0,103,15
147,Ray-Ray McCloud III,PIT,2021,WR,16,39,66,277,7.1,0,24,2,17.3,1,0,115,17
148,Rashard Higgins,CLE,2021,WR,15,24,47,275,11.5,1,21,1,18.3,0,0,47,16
149,Devin Duvernay,BAL,2021,WR,16,33,47,272,8.2,2,21,1,17.0,0,0,141,14
150,Devontae Booker,NYG,2021,RB,16,40,45,268,6.7,1,41,1,16.8,0,0,289,11
151,Demarcus Robinson,KC,2021,WR,17,25,41,264,10.6,3,33,3,15.5,0,0,62,13
152,Adam Trautman,NO,2021,TE,13,27,43,263,9.7,2,32,2,20.2,1,1,111,13
153,Saquon Barkley,NYG,2021,RB,13,41,57,263,6.4,2,54,1,20.2,1,0,298,13
154,Mike Davis,ATL,2021,RB,17,44,58,259,5.9,1,20,2,15.2,2,2,306,12
155,Kyle Rudolph,NYG,2021,TE,16,26,39,257,9.9,1,60,3,16.1,0,0,137,12
156,Kenneth Gainwell,PHI,2021,RB,16,33,50,253,7.7,1,19,0,15.8,0,0,226,14
157,Brandon Zylstra,CAR,2021,WR,14,18,25,250,13.9,1,55,4,17.9,0,0,118,10
158,Lil'Jordan Humphrey,NO,2021,WR,10,13,18,249,19.2,2,56,6,24.9,0,0,101,9
159,John Bates,WSH,2021,TE,17,20,25,249,12.4,1,32,4,14.6,1,0,139,11
160,Danny Amendola,HOU,2021,WR,8,24,38,248,10.3,3,39,4,31.0,1,0,105,10
161,Cameron Brate,TB,2021,TE,17,30,57,245,8.2,4,18,0,14.4,0,0,81,15
162,Josiah Deguara,GB,2021,TE,16,25,33,245,9.8,2,62,3,15.3,0,0,204,9
163,James O'Shaughnessy,JAX,2021,TE,7,24,34,244,10.2,0,30,5,34.9,0,0,114,10
164,Myles Gaskin,MIA,2021,RB,17,49,63,234,4.8,4,24,2,13.8,0,0,250,13
165,Harrison Bryant,CLE,2021,TE,16,21,28,233,11.1,3,41,4,14.6,0,0,79,14
166,Will Dissly,SEA,2021,TE,15,21,26,231,11.0,1,39,5,15.4,1,0,143,11
167,Tajae Sharpe,ATL,2021,WR,15,25,37,230,9.2,0,17,0,15.3,0,0,69,14
168,Devin Singletary,BUF,2021,RB,17,40,50,228,5.7,1,19,0,13.4,3,0,242,11
169,Alexander Mattison,MIN,2021,RB,16,32,39,228,7.1,1,24,3,14.3,0,0,238,10
170,Chris Moore,HOU,2021,WR,12,21,22,227,10.8,2,67,4,18.9,0,0,150,6
171,David Johnson,HOU,2021,RB,13,32,42,225,7.0,1,16,0,17.3,0,0,191,11
172,John Ross,NYG,2021,WR,10,11,20,224,20.4,1,52,3,22.4,1,0,40,8
173,Dalvin Cook,MIN,2021,RB,13,34,49,224,6.6,0,24,1,17.2,0,0,278,9
174,Mack Hollins,MIA,2021,WR,17,14,28,223,15.9,4,65,4,13.1,0,0,37,11
175,Hayden Hurst,ATL,2021,TE,13,26,31,221,8.5,3,33,1,17.0,3,1,89,11
176,Marcedes Lewis,GB,2021,TE,17,23,28,214,9.3,0,23,3,12.6,1,0,144,10
177,Jordan Akins,HOU,2021,TE,13,24,33,214,8.9,0,31,1,16.5,2,2,81,11
178,Tavon Austin,JAX,2021,WR,13,24,37,213,8.9,1,25,2,16.4,0,0,59,11
179,Albert Wilson,MIA,2021,WR,14,25,39,213,8.5,0,64,1,15.2,0,0,143,10
180,Melvin Gordon III,DEN,2021,RB,16,28,38,213,7.6,2,30,3,13.3,0,0,186,9
181,Cyril Grayson Jr.,TB,2021,WR,5,10,12,212,21.2,2,62,4,42.4,0,0,70,8
182,Cam Sims,WSH,2021,WR,14,15,23,211,14.1,2,43,2,15.1,0,0,42,11
183,Geoff Swaim,TEN,2021,TE,16,31,40,210,6.8,3,26,2,13.1,0,0,139,12
184,Antoine Wesley,ARI,2021,WR,15,19,32,208,10.9,3,33,4,13.9,0,0,61,9
185,James Proche II,BAL,2021,WR,14,16,20,202,12.6,0,32,2,14.4,0,0,55,10
186,Zack Moss,BUF,2021,RB,13,23,32,197,8.6,1,24,1,15.2,2,1,200,12
187,Samaje Perine,CIN,2021,RB,16,27,31,196,7.3,1,23,1,12.3,0,0,198,9
188,Devonta Freeman,BAL,2021,RB,16,34,42,190,5.6,1,15,0,11.9,0,0,178,9
189,Ian Thomas,CAR,2021,TE,17,18,30,188,10.4,0,41,3,11.1,0,0,92,6
190,Rex Burkhead,HOU,2021,RB,16,25,32,186,7.4,0,20,2,11.6,0,0,141,9
191,Noah Brown,DAL,2021,WR,13,16,25,184,11.5,0,27,3,14.2,0,0,68,6
192,N'Keal Harry,NE,2021,WR,12,12,22,184,15.3,0,43,3,15.3,0,0,25,7
193,Demetric Felton Jr.,CLE,2021,RB,16,18,21,181,10.1,2,33,2,11.3,0,0,201,10
194,Tommy Tremble,CAR,2021,TE,16,20,35,180,9.0,1,30,1,11.3,0,0,70,10
195,Justin Jackson,LAC,2021,RB,14,22,25,178,8.1,0,25,1,12.7,0,0,165,8
196,Isaiah McKenzie,BUF,2021,WR,15,20,26,178,8.9,1,28,1,11.9,0,0,81,13
197,Brevin Jordan,HOU,2021,TE,9,20,28,178,8.9,3,27,2,19.8,0,0,99,10
198,Kendall Hinton,DEN,2021,WR,16,15,23,175,11.7,1,40,2,10.9,0,0,57,10
199,Kareem Hunt,CLE,2021,RB,8,22,27,174,7.9,0,23,1,21.8,0,0,174,10
200,Nick Chubb,CLE,2021,RB,14,20,25,174,8.7,1,40,2,12.4,0,0,172,9
201,Chuba Hubbard,CAR,2021,RB,17,25,37,174,7.0,1,33,1,10.2,0,0,160,8
202,Tyler Kroft,NYJ,2021,TE,9,16,25,173,10.8,1,26,3,19.2,0,0,74,9
203,Ashton Dulin,IND,2021,WR,17,13,22,173,13.3,2,62,2,10.2,0,0,50,9
204,Pharaoh Brown,HOU,2021,TE,15,23,34,171,7.4,0,29,2,11.4,1,1,106,6
205,Jimmy Graham,CHI,2021,TE,15,14,23,167,11.9,3,28,2,11.1,0,0,55,10
206,Breshad Perriman,TB,2021,WR,6,11,18,167,15.2,1,58,3,27.8,0,0,95,5
207,Zach Gentry,PIT,2021,TE,17,19,25,167,8.8,0,25,2,9.8,0,0,127,11
208,Stephen Anderson,LAC,2021,TE,17,16,19,165,10.3,1,34,3,9.7,0,0,115,9
209,Dyami Brown,WSH,2021,WR,15,12,25,165,13.8,0,48,3,11.0,0,0,34,6
210,Mark Ingram IIHOU/,NO,2021,RB,14,27,35,162,6.0,0,34,1,11.6,0,0,164,9
211,Parris Campbell,IND,2021,WR,6,10,20,162,16.2,1,51,3,27.0,0,0,17,7
212,Isaiah Ford,MIA,2021,WR,13,12,17,161,13.4,2,52,2,12.4,0,0,60,7
213,Travis Homer,SEA,2021,RB,14,16,20,161,10.1,0,31,3,11.5,0,0,128,8
214,Juwan Johnson,NO,2021,TE,14,13,22,159,12.2,4,27,3,11.4,0,0,42,12
215,Miles Sanders,PHI,2021,RB,12,26,34,158,6.1,0,25,1,13.2,0,0,227,6
216,Jamaal Williams,DET,2021,RB,13,26,28,157,6.0,0,15,0,12.1,0,0,156,6
217,KhaDarel Hodge,DET,2021,WR,16,13,27,157,12.1,0,42,2,9.8,0,0,37,7
218,JaMycal Hasty,SF,2021,RB,11,23,29,157,6.8,0,23,1,14.3,1,0,128,7
219,Derrick Henry,TEN,2021,RB,8,18,20,154,8.6,0,16,0,19.3,0,0,160,7
220,Chris Evans,CIN,2021,RB,14,15,17,151,10.1,2,24,1,10.8,0,0,113,6
221,Malik Turner,DAL,2021,WR,14,12,16,149,12.4,3,61,1,10.6,0,0,74,8
222,D'Ernest Johnson,CLE,2021,RB,17,19,25,137,7.2,0,18,0,8.1,1,0,138,7
223,Elijah Mitchell,SF,2021,RB,11,19,20,137,7.2,1,14,0,12.5,0,0,151,6
224,O.J. Howard,TB,2021,TE,17,14,21,135,9.6,1,21,1,7.9,0,0,83,10
225,Anthony Schwartz,CLE,2021,WR,14,10,23,135,13.5,1,44,1,9.6,0,0,10,6
226,Nick Vannett,NO,2021,TE,7,9,15,133,14.8,1,30,2,19.0,0,0,92,7
227,Denzel Mims,NYJ,2021,WR,11,8,23,133,16.6,0,40,3,12.1,0,0,49,5
228,Ben Skowronek,LAR,2021,WR,14,11,20,133,12.1,0,35,2,9.5,0,0,53,7
229,DeeJay Dallas,SEA,2021,RB,17,21,23,133,6.3,0,29,1,7.8,1,0,110,4
230,Damien Harris,NE,2021,RB,15,18,21,132,7.3,0,21,1,8.8,0,0,134,4
231,Clyde Edwards-Helaire,KC,2021,RB,10,19,23,129,6.8,2,29,1,12.9,0,0,169,8
232,Sony Michel,LAR,2021,RB,17,21,33,128,6.1,1,24,1,7.5,0,0,133,6
233,C.J. Ham,MIN,2021,FB,17,17,18,125,7.4,0,27,1,7.4,0,0,61,6
234,D'Onta Foreman,TEN,2021,RB,9,9,11,123,13.7,0,39,1,13.7,0,0,121,6
235,Rhamondre Stevenson,NE,2021,RB,12,14,18,123,8.8,0,41,2,10.3,1,1,145,3
236,Brock Wright,DET,2021,TE,10,12,17,117,9.8,2,36,2,11.7,0,0,64,6
237,Salvon Ahmed,MIA,2021,RB,12,12,19,117,9.8,0,18,0,9.8,0,0,113,4
238,Ihmir Smith-Marsette,MIN,2021,WR,8,5,6,116,23.2,2,44,2,14.5,0,0,17,4
239,Dare Ogunbowale,JAX,2021,RB,17,13,21,114,8.8,1,28,1,6.7,0,0,100,3
240,Jeff Smith,NYJ,2021,WR,12,8,17,113,14.1,0,35,1,9.4,0,0,15,6
241,Adam Shaheen,MIA,2021,TE,12,12,16,110,9.2,0,21,1,9.2,0,0,41,5
242,Jerick McKinnon,KC,2021,RB,13,13,20,107,8.2,1,14,0,8.2,0,0,134,6
243,Kylen Granson,IND,2021,TE,17,11,15,106,9.6,0,27,1,6.2,0,0,76,4
244,Derrick Gore,KC,2021,RB,11,8,9,105,13.1,0,50,1,9.5,0,0,90,3
245,Collin Johnson,NYG,2021,WR,12,11,21,105,9.5,0,16,0,8.8,0,0,18,6
246,Damien Williams,CHI,2021,RB,12,16,23,103,6.4,1,23,1,8.6,0,0,109,3
247,Trinity Benson,DET,2021,WR,8,10,22,103,10.3,0,24,2,12.9,0,0,57,4
248,Equanimeous St. Brown,GB,2021,WR,13,9,17,98,10.9,0,26,1,7.5,0,0,58,6
249,Blake Jarwin,DAL,2021,TE,8,11,17,96,8.7,2,20,1,12.0,0,0,38,5
